"puntos_significativos";"coordenadas";"lat";"long";"ubicacion"
"AGUAD";"310843S-0641240W";-31,1452777777778;-64,2111111111111;"IAC CBA"
"AKNEL";"234756S-0605944W";-23,7988888888889;-60,9955555555556;"UM799"
"AKNOS";"380005S-0625304W";-38,0013888888889;-62,8844444444444;"W67-SID BCA-STAR BCA-TMA BCA"
"AKPEL";"250151S-0594158W";-25,0308333333333;-59,6994444444444;"UM789-UL793-SID CRS SIS-STAR CRS SIS"
"AKPUR";"370536S-0642027W";-37,0933333333333;-64,3408333333333;"T661-SID OSA-TMA OSA"
"AKRAS";"294304S-0662215W";-29,7177777777778;-66,3708333333333;"W16"
"AKRIK";"390241S-0682519W";-39,0447222222222;-68,4219444444444;"IAC NEU-STAR NEU"
"AKROG";"374704S-0575201W";-37,7844444444444;-57,8669444444444;"STAR MDP-IAC MDP"
"AKROL";"311954S-0682318W";-31,3316666666667;-68,3883333333333;"IAC JUA-STAR JUA"
"AKSAS";"294903S-0580939W";-29,8175;-58,1608333333333;"UZ103-UT682"
"AKSIR";"250309S-0653230W";-25,0525;-65,5416666666667;"IAC SAL"
"AKVAD";"460801S-0643927W";-46,1336111111111;-64,6575;"UT108"
"AKVUP";"312333S-0682512W";-31,3925;-68,42;"IAC JUA"
"ALBAL";"341100S-0694900W";-34,1833333333333;-69,8166666666667;"M424-UM424-UT652"
"ALDEX";"313937S-0651147W";-31,6602777777778;-65,1963888888889;"A307-W23-Z104-UZ125-UL531- UT685 -UZ105-SID CBA-STAR CBA-TMA CBA"
"ALDOR";"332959S-0635506W";-33,4997222222222;-63,9183333333333;"W19"
"ALDOS";"261350S-0544120W";-26,2305555555556;-54,6888888888889;"B687-UP779-UL324-SID IGU-TMA FOZ"
"ALDUP";"410103S-0624535W";-41,0175;-62,7597222222222;"IAC VIE"
"ALGAR";"254630S-0660438W";-25,775;-66,0772222222222;"UL322-UL550-SID TUC-STAR SAL-STAR TUC-STAR JUJ"
"ALGEL";"255212S-0551014W";-25,87;-55,1705555555556;"A307-SID IGU-STAR IGU-TMA FOZ"
"ALGIL";"403329S-0710819W";-40,5580555555556;-71,1386111111111;"W32-STAR BAR-SID BAR-TMA BAR-TMA CHP"
"ALOTE";"325755S-0640721W";-32,9652777777778;-64,1225;"IAC TRC"
"AMIAS";"281711S-0654040W";-28,2863888888889;-65,6777777777778;"IAC CAT-STAR CAT"
"AMVIB";"310139S-0595429W";-31,0275;-59,9080555555556;"UN775-UM418"
"ANBUK";"254547S-0540516W";-25,7630555555556;-54,0877777777778;"SID IGU"
"ANDEG";"283657S-0641730W";-28,6158333333333;-64,2916666666667;"W6-UW6-UZ112"
"ANDEX";"464113S-0672848W";-46,6869444444444;-67,48;"W18-TMA CRV"
"ANDUD";"353438S-0625749W";-35,5772222222222;-62,9636111111111;"UW68-UT688"
"ANDUS";"450014S-0585329W";-45,0038888888889;-58,8913888888889;"UT103"
"ANGEM";"383159S-0620654W";-38,5330555555556;-62,115;"IAC BCA-STAR BCA"
"ANGEN";"272044S-0643616W";-27,3455555555556;-64,6044444444444;"UT680-W8-STAR TUC-SID SDE TUC-TMA SDE-TMA TUC"
"ANKAB";"245737S-0650534W";-24,9602777777778;-65,0927777777778;"SID SAL"
"ANKOK";"381459S-0510001W";-38,2497222222222;-51,0002777777778;"UL211F"
"ANKON";"351200S-0703000W";-35,2;-70,5;"B684-UM783-STAR MLG"
"ANLIS";"333153S-0672115W";-33,5313888888889;-67,3541666666667;"UT688-W71-STAR DOZ"
"ANRAL";"323200S-0592208W";-32,5333333333333;-59,3688888888889;"UL417-UM534"
"ANSIB";"513721S-0693618W";-51,6225;-69,605;"IAC GAL-STAR GAL"
"ANSIG";"281522S-0644952W";-28,2561111111111;-64,8311111111111;"W5"
"ARMOS";"241730S-0675845W";-24,2916666666667;-67,9791666666667;"UM543"
"ARMUP";"342116S-0620630W";-34,3544444444444;-62,1083333333333;"UL405-UT705-W9-W72"
"AROPO";"455400S-0711400W";-45,9;-71,2333333333333;"W58"
"ARPAS";"254354S-0575231W";-25,7316666666667;-57,8752777777778;"A428-UM529-UZ124"
"ARSOT";"344537S-0585351W";-34,7602777777778;-58,8975;"TMA BAIRES-IAC EZE-STAR AER EZE"
"ARTOK";"391754S-0683702W";-39,2983333333333;-68,6172222222222;"W26-STAR NEU-TMA NEU"
"ARTUV";"274911S-0642031W";-27,8197222222222;-64,3419444444444;"SID SDE"
"ARULA";"284342S-0560834W";-28,7283333333333;-56,1427777777778;"UM400"
"ARUSO";"321900S-0652817W";-32,3166666666667;-65,4713888888889;"W19"
"ARVAG";"534624S-0673539W";-53,7733333333333;-67,5941666666667;"IAC GRA"
"ARVET";"372528S-0681431W";-37,4244444444444;-68,2419444444444;"UW37-W37"
"ARVOV";"385424S-0660719W";-38,9066666666667;-66,1219444444444;"T654-UT654-W32-UW32"
"ASADA";"350133S-0593733W";-35,0258333333333;-59,6258333333333;"W68-UW68-M424-UM424-T655- UT655-STAR AER EZE-SID AER EZE-TMA BAIRES"
"ASADO";"480137S-0712854W";-48,0269444444444;-71,4816666666667;"T659-UT659-UL670"
"ASAPO";"370256S-0591845W";-37,0488888888889;-59,3125;"IAC DIL"
"ASBEL";"243129S-0650054W";-24,5247222222222;-65,015;"IAC JUJ"
"ASELO";"285417S-0590207W";-28,9047222222222;-59,0352777777778;"W14-TMA RCQ"
"ASEMI";"312349S-0640457W";-31,3969444444444;-64,0825;"SID CBA"
"ASGAS";"294155S-0594950W";-29,6986111111111;-59,8305555555556;"W20-TMA RCQ"
"ASGEN";"525610S-0663917W";-52,9361111111111;-66,6547222222222;"T704-UT704"
"ASGIM";"423012S-0645116W";-42,5033333333333;-64,8544444444444;"STAR TRE"
"ASIMO";"315300S-0701900W";-31,8833333333333;-70,3166666666667;"UM799-UL322-UM529"
"ASISA";"314003S-0631252W";-31,6675;-63,2144444444444;"W5-UW5-STAR CBA-TMA CBA"
"ASKAS";"514718S-0660004W";-51,7883333333333;-66,0011111111111;"W54-UW54-T662-UT662-UT704- T704"
"ASODO";"260628S-0640842W";-26,1077777777778;-64,145;"UT672-T673-STAR JUJ"
"ASOLO";"331946S-0674718W";-33,3294444444444;-67,7883333333333;"UT687-UT688"
"ASOPA";"493651S-0711738W";-49,6141666666667;-71,2938888888889;"W48-UW48-UL670-STAR ECA- Z116-UZ116 -TMA ECA"
"ASOTA";"310840S-0680609W";-31,1444444444444;-68,1025;"W3-SID JUA-STAR JUA-TMA JUA- Z119"
"ASUPI";"423953S-0645353W";-42,6647222222222;-64,8980555555556;"IAC DRY"
"ASUTO";"425608S-0702532W";-42,9355555555556;-70,4255555555556;"W40-TMA ESQ"
"ATACA";"265745S-0650741W";-26,9625;-65,1280555555555;"IAC TUC"
"ATAGU";"323839S-0604333W";-32,6441666666667;-60,7258333333333;"SID ROS-IAC ROS-STAR ROS"
"ATAKO";"413849S-0704813W";-41,6469444444444;-70,8036111111111;"W39-UW39-STAR BAR-SID BAR- TMA BAR"
"ATEXI";"501814S-0722734W";-50,3038888888889;-72,4594444444444;"STAR ECA-IAC ECA"
"ATIPI";"305336S-0582232W";-30,8933333333333;-58,3755555555556;"UM418 - UZ103"
"ATIPO";"500958S-0714326W";-50,1661111111111;-71,7238888888889;"STAR ECA-IAC ECA"
"ATIRA";"412413S-0702947W";-41,4036111111111;-70,4963888888889;"W38-UW38- SID BAR-STAR BAR- TMA BAR"
"ATITO";"380052S-0600015W";-38,0144444444444;-60,0041666666667;"UP664-W18-UW18-TMA DIL"
"ATOKI";"524348S-0621351W";-52,73;-62,2308333333333;"UW46-CTR  MOUNT PLEASANT"
"ATOMO";"410801S-0693951W";-41,1336111111111;-69,6641666666667;"W33-UW33"
"ATOVO";"340340S-0590902W";-34,0611111111111;-59,1505555555556;"W5-UW5-SID AER EZE-TMA BAIRES"
"BISOG";"513636S-0721317W";-51,61;-72,2213888888889;"T659 UT659"
"BISUL";"433122S-0530000W";-43,5227777777778;-53;"AORRA"
"BITAG";"311949S-0682443W";-31,3302777777778;-68,4119444444444;"SID JUA"
"BITIS";"265820S-0640522W";-26,9722222222222;-64,0894444444444;"W7-Z120-SID TUC-STAR TUC- TMA TUC"
"BITUS";"281204S-0573525W";-28,2011111111111;-57,5902777777778;"UP526-W14-UW14-P526"
"BITUT";"450014S-0650957W";-45,0038888888889;-65,1658333333333;"UT109"
"BIVAM";"335816S-0585644W";-33,9711111111111;-58,9455555555556;"W8-UW8-UN775-SID AER EZE- TMA BAIRES"
"BIVID";"280841S-0615521W";-28,1447222222222;-61,9225;"UM529"
"BIVIK";"432337S-0710047W";-43,3936111111111;-71,0130555555556;"T658-TMA ESQ"
"BIXIM";"372050S-0630058W";-37,3472222222222;-63,0161111111111;"T654-UT654-UW41-UT669"
"BIXOL";"271105S-0585634W";-27,1847222222222;-58,9427777777778;"IAC SIS STAR CRS SIS"
"BOBAP";"342642S-0674809W";-34,445;-67,8025;"M424-UM424-SID SRA-TMA SRA"
"BOBIK";"271244S-0582722W";-27,2122222222222;-58,4561111111111;"A307-UL531-SID CRS SIS-STAR SIS CRS -TMA SIS"
"BOBIM";"430701S-0645612W";-43,1169444444444;-64,9366666666667;"STAR TRE-IAC TRE"
"BODAG";"405010S-0624138W";-40,8361111111111;-62,6938888888889;"IAC VIE"
"BODIR";"350913S-0602055W";-35,1536111111111;-60,3486111111111;"W68-UW68"
"BODUN";"464012S-0673837W";-46,67;-67,6436111111111;"UP664-TMA CRV-STAR CRV-SID CRV-W49"
"BOGEG";"372226S-0574237W";-37,3738888888889;-57,7102777777778;"SID MDP"
"BOGOR";"410957S-0590134W";-41,1658333333333;-59,0261111111111;"UT103"
"BOKAS";"365823S-0591159W";-36,9730555555556;-59,1997222222222;"IAC DIL"
"BOKIL";"290649S-0565722W";-29,1136111111111;-56,9561111111111;"UM402-UN785"
"BOKOL";"424504S-0704855W";-42,7511111111111;-70,8152777777778;"STAR ESQ - IAC ESQ"
"BOKUK";"482647S-0700210W";-48,4463888888889;-70,0361111111111;"W48-UW48-T658-UT658-STAR-ECA-SID ECA"
"BONTA";"550000S-0665000W";-55;-66,8333333333333;"W56-UW56-Z133-UZ133"
"BRANC";"285738S-0655023W";-28,9605555555556;-65,8397222222222;"IAC CAT-STAR CAT"
"BUPLA";"271354S-0614013W";-27,2316666666667;-61,6702777777778;"W7-Z120-UZ120"
"BURMI";"310322S-0670739W";-31,0561111111111;-67,1275;"UM529"
"BURSA";"282150S-0585915W";-28,3638888888889;-58,9875;"A428-UL793-Z110-STAR CRS SIS TMA SIS"
"BUSLO";"280818S-0673855W";-28,1383333333333;-67,6486111111111;"UL322-UL650"
"BUTAR";"385651S-0683100W";-38,9475;-68,5166666666667;"IAC NEU-STAR NEU "
"BUTIL";"221011S-0644712W";-22,1697222222222;-64,7866666666667;"SID JUJ"
"BUTMO";"353753S-0631940W";-35,6313888888889;-63,3277777777778;"UT705-UW68"
"BUTUV";"385658S-0674914W";-38,9494444444444;-67,8205555555556;"IAC NEU STAR NEU "
"BUVOK";"504344S-0710932W";-50,7288888888889;-71,1588888888889;"UW52-W52-UL670-G550 "
"BUXOP";"364049S-0641754W";-36,6802777777778;-64,2983333333333;"IAC OSA"
"CABAL";"305518S-0601244W";-30,9216666666667;-60,2122222222222;"W20-TMA PAR"
"CHATO";"403419S-0710053W";-40,5719444444444;-71,0147222222222;"W44-UW44-UZ108-SID BAR-STAR BAR-TMA BAR"
"COATI";"271030S-0560748W";-27,175;-56,13;"A430-TMA POS"
"CONUS";"430731S-0671732W";-43,1252777777778;-67,2922222222222;"UT110-UW40"
"COSTA";"253043S-0551411W";-25,5119444444444;-55,2363888888889;"SID IGU-STAR IGU "
"CRANE";"252550S-0534856W";-25,4305555555556;-53,8155555555556;"SID IGU"
"DABLI";"543000S-0674004W";-54,5;-67,6677777777778;"T108-T704-UT704-SID USU-STAR USU-TMA USU-TMA GRA"
"DABOT";"322503S-0603859W";-32,4175;-60,6497222222222;"W20-SID ROS-STAR ROS-TMA ROS-TMA PAR"
"DABUL";"314652S-0682444W";-31,7811111111111;-68,4122222222222;"SID JUA"
"DADEB";"302256S-0652859W";-30,3822222222222;-65,4830555555556;"W16-UW16-Z121 "
"DADMI";"284955S-0623341W";-28,8319444444444;-62,5613888888889;"UT672-UT677 "
"DADOB";"370349S-0590618W";-37,0636111111111;-59,105;"IAC DIL"
"DAGIG";"275057S-0642134W";-27,8491666666667;-64,3594444444444;"IAC SDE"
"DAGOK";"472818S-0650801W";-47,4716666666667;-65,1336111111111;"UT108-W50-UW 50"
"DAGOL";"254458S-0545318W";-25,7494444444444;-54,8883333333333;"SID IGU"
"DAGRA";"273805S-0562729W";-27,6347222222222;-56,4580555555556;"W14-TMA POS"
"DAKAX";"444749S-0704525W";-44,7969444444444;-70,7569444444444;"T658-UT658-UZ116-Z116"
"DAKSA";"410151S-0664736W";-41,0308333333333;-66,7933333333333;"UT106-UT657"
"DALAB";"322000S-0584015W";-32,3333333333333;-58,6708333333333;"A428-Z110-UL793-UM534-UZ103"
"DALDU";"485225S-0714452W";-48,8736111111111;-71,7477777777778;"T659 UT659 UT110"
"DALMI";"374428S-0574359W";-37,7411111111111;-57,7330555555556;"IAC MDP-STAR MDP"
"DAMAP";"294840S-0670640W";-29,8111111111111;-67,1111111111111;"W3-Z119"
"DAMBA";"392655S-0684908W";-39,4486111111111;-68,8188888888889;"W26- STAR NEU"
"DAMIN";"384721S-0631950W";-38,7891666666667;-63,3305555555556;"W32-UW32-SID BCA-STAR BCA- TMA BCA"
"DAMIS";"285138S-0585657W";-28,8605555555556;-58,9491666666667;"A428-W14-UW14-UL793-Z110- STAR CRS SIS"
"DANRU";"292540S-0602419W";-29,4277777777778;-60,4052777777778;"UN775-UW14"
"DAPKI";"384410S-0622506W";-38,7361111111111;-62,4183333333333;"IAC BCA STAR BCA"
"DAPSU";"364543S-0641907W";-36,7619444444444;-64,3186111111111;"IAC OSA"
"DARKA";"351758S-0561502W";-35,2994444444444;-56,2505555555556;"A310-UM792"
"DEVEB";"311000S-0635115W";-31,1666666666667;-63,8541666666667;"IAC CBA"
"DEVIS";"510319S-0702950W";-51,0552777777778;-70,4972222222222;"W52-UW52-SID ECA GAL-STAR ECA GAL-TMA GAL"
"DEXAL";"392357S-0675213W";-39,3991666666667;-67,8702777777778;"UT106"
"DIDOM";"251754S-0531106W";-25,2983333333333;-53,185;"STAR IGU"
"DIGER";"345548S-0685023W";-34,93;-68,8397222222222;"W23-SID SRA-STAR MLG-TMA SRA"
"DIGET";"270106S-0584558W";-27,0183333333333;-58,7661111111111;"SID SIS CRS STAR SIS CRS- A428-UM529-TMA SIS-UZ124"
"DIGIS";"515143S-0622804W";-51,8619444444444;-62,4677777777778;"W54-UW54"
"DIKIS";"350852S-0690739W";-35,1477777777778;-69,1275;"W23-STAR MLG-TMA MLG"
"DIKOR";"281539S-0640936W";-28,2608333333333;-64,16;"W70-UL550-SID SDE-TMA SDE"
"DIKOV";"332115S-0641504W";-33,3541666666667;-64,2511111111111;"IAC TRC"
"DILAL";"260802S-0654519W";-26,1338888888889;-65,7552777777778;"UL550-TMA TUC-STAR TUC"
"DILIL";"424931S-0653753W";-42,8252777777778;-65,6313888888889;"SID DRY"
"DILIX";"315002S-0682456W";-31,8338888888889;-68,4155555555556;"IAC JUA-SID JUA-STAR JUA"
"DILOG";"392015S-0681600W";-39,3375;-68,2666666666667;"UZ109-Z109"
"DODBO";"311442S-0681748W";-31,245;-68,2966666666667;"IAC JUA-STAR JUA"
"DOGLA";"411132S-0704808W";-41,1922222222222;-70,8022222222222;"IAC BAR-STAR BAR"
"DOKBA";"263416S-0544856W";-26,5711111111111;-54,8155555555556;"B687-UP779-UL324-STAR IGU- UM657-UT667"
"DOKMU";"330047S-0604835W";-33,0130555555556;-60,8097222222222;"IAC ROS"
"DOLMU";"252850S-0543807W";-25,4805555555556;-54,6352777777778;"STAR IGU"
"DONBO";"480214S-0661317W";-48,0372222222222;-66,2213888888889;"UT700"
"DONED";"393839S-0603741W";-39,6441666666667;-60,6280555555556;"UW33-UZ117"
"DONKA";"302433S-0642336W";-30,4091666666667;-64,3933333333333;"UN525-W5-UW5-SID CBA-STAR CBA-TMA CBA"
"DOPLU";"245517S-0604720W";-24,9213888888889;-60,7888888888889;"SID SIS CRS STAR SIS CRS- UM789-UM784"
"DOPRI";"311150S-0620432W";-31,1972222222222;-62,0755555555556;"W69-UL550-UM418"
"DORSI";"431525S-0703900W";-43,2569444444444;-70,65;"W50"
"DORVO";"344258S-0573102W";-34,7161111111111;-57,5172222222222;"UM424-UN857-A305-SID AER EZE-TMA BAIRES"
"DOSLO";"331736S-0675052W";-33,2933333333333;-67,8477777777778;"W71-SID DOZ-STAR DOZ-TMA DOZ"
"DOTRI";"383224S-0610028W";-38,54;-61,0077777777778;"W32-UW32-SID BCA-STAR BCA- TMA BCA"
"DRAKE";"591828S-0633541W";-59,3077777777778;-63,5947222222222;"W100-UW100"
"EDLUM";"253847S-0655938W";-25,6463888888889;-65,9938888888889;"UL322- TMA SAL"
"EDMEL";"330315S-0604908W";-33,0541666666667;-60,8188888888889;"IAC ROS"
"EDNAP";"345209S-0633231W";-34,8691666666667;-63,5419444444444;"M424-UM424-W62-UW62"
"EDPAN";"543949S-0673859W";-54,6636111111111;-67,6497222222222;"STAR USU"
"EDPIL";"384903S-0615606W";-38,8175;-61,935;"IAC BCA STAR BCA"
"EDPUN";"291936S-0614201W";-29,3266666666667;-61,7002777777778;"UL404"
"EDRAR";"311002S-0692321W";-31,1672222222222;-69,3891666666667;"B560"
"EDRIS";"332519S-0663546W";-33,4219444444444;-66,5961111111111;"UW23-UL405"
"EDSIL";"480635S-0714644W";-48,1097222222222;-71,7788888888889;"G550"
"EDSUB";"284332S-0614401W";-28,7255555555556;-61,7336111111111;"UM529-UL417"
"EDVIK";"280401S-0635120W";-28,0669444444444;-63,8555555555556;"W8-UT680"
"EGAKU";"323232S-0652407W";-32,5422222222222;-65,4019444444445;"W23"
"EGANI";"363058S-0601332W";-36,5161111111111;-60,2255555555556;"UW15-UW22-W22-UZ113"
"EGBOR";"503230S-0712253W";-50,5416666666667;-71,3813888888889;"STAR ECA"
"EGEGU";"445944S-0680346W";-44,9955555555556;-68,0627777777778;"W39-UW39-SID CRV-STAR CRV- TMA CRV"
"EGETU";"324446S-0644233W";-32,7461111111111;-64,7091666666667;"W19"
"EGIKA";"293314S-0683653W";-29,5538888888889;-68,6147222222222;"UL322-UT671"
"EGIMA";"381935S-0594408W";-38,3263888888889;-59,7355555555556;"W32"
"EGLAS";"480000S-0530000W";-48;-53;"AORRA"
"EGOBO";"392320S-0682751W";-39,3888888888889;-68,4641666666667;"W30-TMA NEU"
"EGOKO";"385101S-0643506W";-38,8502777777778;-64,585;"T661-W32-UW32-UT700"
"EGOPA";"324648S-0640155W";-32,78;-64,0319444444444;"IAC TRC"
"EGOSA";"520000S-0705942W";-52;-70,995;"G550-UL670"
"EGOVI";"355256S-0611913W";-35,8822222222222;-61,3202777777778;"T655-UT655"
"EGUNO";"403611S-0702456W";-40,6030555555556;-70,4155555555556;"W26-UW26-UZ109-Z109"
"EKATO";"430934S-0663011W";-43,1594444444444;-66,5030555555556;"W40-STAR TRE-SID DRY TRE- TMA TRE"
"EKEMO";"361652S-0572358W";-36,2811111111111;-57,3994444444444;"W59"
"EKERO";"350103S-0692156W";-35,0175;-69,3655555555555;"W44-STAR MLG-TMA MLG"
"EKIKI";"454308S-0674413W";-45,7188888888889;-67,7369444444444;"SID CRV"
"EKIPI";"534706S-0680243W";-53,785;-68,0452777777778;"IAC GRA"
"EKIVO";"411937S-0705215W";-41,3269444444445;-70,8708333333333;"IAC BAR-STAR BAR"
"EKOPA";"402328S-0680130W";-40,3911111111111;-68,025;"W34-UW34-T105-UT105"
"EKOTA";"394947S-0702906W";-39,8297222222222;-70,485;"W32"
"ELABO";"332736S-0624725W";-33,46;-62,7902777777778;"W10-UW10+UZ113"
"ELADA";"430619S-0674216W";-43,1052777777778;-67,7044444444444;"W40-UW40-T105-UT105"
"ELAMO";"280602S-0552708W";-28,1005555555556;-55,4522222222222;"UL324"
"ELVER";"250454S-0653208W";-25,0816666666667;-65,5355555555555;"IAC SAL-STAR SAL"
"ENPAL";"275405S-0640338W";-27,9013888888889;-64,0605555555556;"SID SDE"
"ENPID";"344217S-0580914W";-34,7047222222222;-58,1538888888889;"IAC AER-STAR AER"
"ENRAR";"431805S-0655226W";-43,3013888888889;-65,8738888888889;"STAR TRE"
"ENRID";"265219S-0645405W";-26,8719444444444;-64,9013888888889;"UT681-UZ120"
"ENRIL";"372021S-0642220W";-37,3391666666667;-64,3722222222222;"T661-T655-UT700-UT655"
"ENTIB";"335517S-0614220W";-33,9213888888889;-61,7055555555556;"UT670-UT705"
"ENTIS";"513605S-0690933W";-51,6013888888889;-69,1591666666667;"IAC GAL"
"ENTOS";"342226S-0654232W";-34,3738888888889;-65,7088888888889;"W65-TMA VME"
"ENVOK";"281118S-0653915W";-28,1883333333333;-65,6541666666667;"IAC CAT-SID CAT-STAR CAT"
"EPGOL";"380203S-0694242W";-38,0341666666667;-69,7116666666667;"R683"
"EROSU";"344045S-0583436W";-34,6791666666667;-58,5766666666667;"IAC PAL"
"ERUMI";"370322S-0591232W";-37,0561111111111;-59,2088888888889;"IAC DIL"
"ERUTU";"321725S-0653614W";-32,2902777777778;-65,6038888888889;"Z104-W 19"
"ESABI";"254853S-0541715W";-25,8147222222222;-54,2875;"IAC IGU"
"ESAKO";"250950S-0652628W";-25,1638888888889;-65,4411111111111;"IAC SAL-STAR SAL"
"ESBER";"364444S-0642513W";-36,7455555555556;-64,4202777777778;"IAC OSA"
"ESBON";"534610S-0672714W";-53,7694444444444;-67,4538888888889;"IAC GRA"
"ESGIT";"252312S-0543547W";-25,3866666666667;-54,5963888888889;"STAR IGU"
"ESITO";"335358S-0685203W";-33,8994444444444;-68,8675;"UZ108-A307-W37-W44-UW37- UW44-UT652-UL531-SID DOZ- STAR MLG DOZ"
"ESKAD";"324011S-0600706W";-32,6697222222222;-60,1183333333333;"W6-TMA PAR"
"ESKON";"331352S-0601944W";-33,2311111111111;-60,3288888888889;"W 5 STAR ROS TMA ROS"
"ESKOP";"322039S-0662153W";-32,3441666666667;-66,3647222222222;"UW57-SID JUA"
"ESLAN";"345855S-0570505W";-34,9819444444444;-57,0847222222222;"UL405-UL211-SID EZE-STAR AER EZE"
"ESLED";"271120S-0620419W";-27,1888888888889;-62,0719444444444;"UL404-UZ120"
"ESLOD";"274307S-0584815W";-27,7186111111111;-58,8041666666667;"IAC CRS STAR SIS CRS"
"ESLUN";"453939S-0670718W";-45,6608333333333;-67,1216666666667;"STAR CRV-IAC CRV"
"ESMOK";"324738S-0604535W";-32,7938888888889;-60,7597222222222;"IAC ROS"
"ESMOS";"280541S-0594757W";-28,0947222222222;-59,7991666666667;"A307-UL531-SID CRS SIS-STAR CRS SIS-TMA SIS"
"ESNAM";"501510S-0713631W";-50,2527777777778;-71,6086111111111;"STAR ECA-IAC ECA-SID ECA"
"ESNIM";"345622S-0623939W";-34,9394444444444;-62,6608333333333;"UM424-UT705"
"ESNUG";"311832S-0682515W";-31,3088888888889;-68,4208333333333;"IAC JUA-STAR JUA"
"ESOKA";"225806S-0645117W";-22,9683333333333;-64,8547222222222;"UL322"
"ESONA";"312606S-0640952W";-31,435;-64,1644444444445;"IAC CBA"
"ESPAT";"534717S-0681109W";-53,7880555555556;-68,1858333333333;"IAC GRA"
"ESPER";"270041S-0633756W";-27,0113888888889;-63,6322222222222;"UT672-UZ120-ANTIGRANIZO JUJ SUP"
"ESPEV";"514209S-0693831W";-51,7025;-69,6419444444444;"IAC GAL-STAR GAL"
"ESPIP";"270107S-0650820W";-27,0186111111111;-65,1388888888889;"IAC TUC"
"ESUBI";"284114S-0654626W";-28,6872222222222;-65,7738888888889;"IAC CAT-SID CAT"
"ESUBO";"312344S-0641722W";-31,3955555555556;-64,2894444444444;"IAC CBA"
"ESUKA";"270222S-0534640W";-27,0394444444444;-53,7777777777778;"UM657"
"ESURO";"374143S-0580808W";-37,6952777777778;-58,1355555555556;"W28-SID MDP-STAR MDP-TMA MDP-TMA DIL"
"ETALU";"343058S-0671055W";-34,5161111111111;-67,1819444444445;"UM424-UT685"
"ETASO";"454959S-0684102W";-45,8330555555556;-68,6838888888889;"W58-SID CRV-STAR CRV-TMA CRV"
"ETEPO";"304320S-0650114W";-30,7222222222222;-65,0205555555556;"W16-UW16-SID CBA STAR CBA- TMA CBA"
"ETIBU";"383305S-0685031W";-38,5513888888889;-68,8419444444444;"R683- STAR NEU"
"EVLAD";"425746S-0660554W";-42,9627777777778;-66,0983333333333;"STAR TRE"
"EVNAD";"383546S-0615257W";-38,5961111111111;-61,8825;"STAR BCA IAC BCA"
"EVTAM";"311354S-0623804W";-31,2316666666667;-62,6344444444444;"UM418-UT652"
"FRAGA";"333458S-0660103W";-33,5827777777778;-66,0175;"W9-SID UIS STAR-UIS TMA RYD- TMA UIS"
"FUSCA";"343930S-0581416W";-34,6583333333333;-58,2377777777778;"IAC AER"
"GATOS";"353959S-0563502W";-35,6663888888889;-56,5838888888889;"UL211-STAR EZE"
"GATUD";"435947S-0655248W";-43,9963888888889;-65,88;"UP664-W18-SID CRV DRY TRE- STAR CRV TRE-TMA TRE"
"GAVAM";"310207S-0610410W";-31,0352777777778;-61,0694444444444;"W8-UW8-TMA PAR"
"GAVEX";"264159S-0634838W";-26,6997222222222;-63,8105555555556;"UT672-UM799-SID JUJ-STAR JUJ"
"GAVIK";"380632S-0572747W";-38,1088888888889;-57,4630555555556;"STAR MDP-IAC MDP"
"GAXOK";"221312S-0643636W";-22,22;-64,61;"UL322-STAR SAL"
"GEBEM";"351201S-0590932W";-35,2002777777778;-59,1588888888889;"T654 UT 654-W22 UW22-SID AER EZE-STAR AER EZE"
"GEBIM";"430318S-0650956W";-43,055;-65,1655555555556;"SID TRE"
"GEBOS";"562248S-0654400W";-56,38;-65,7333333333333;"W56-UW56-Z133-UZ133-"
"GEBUN";"263440S-0534646W";-26,5777777777778;-53,7794444444444;"UL216-R563"
"GEDAB";"533524S-0682427W";-53,59;-68,4075;"SID GRA"
"GEDOL";"314502S-0682459W";-31,7505555555556;-68,4163888888889;"IAC JUA"
"GEDUK";"324853S-0612200W";-32,8147222222222;-61,3666666666667;"W55-SID ROS-STAR ROS-TMA ROS"
"GEDUN";"332923S-0662256W";-33,4897222222222;-66,3822222222222;"UT685-UL405"
"GEGAL";"504634S-0720631W";-50,7761111111111;-72,1086111111111;"T659-SID ECA"
"GEGAT";"355549S-0681926W";-35,9302777777778;-68,3238888888889;"UW37-UT685"
"GEGEP";"371042S-0593500W";-37,1783333333333;-59,5833333333333;"UT694"
"GEGUS";"301538S-0600038W";-30,2605555555556;-60,0105555555556;"W20-UW20"
"GEKAL";"274650S-0690530W";-27,7805555555556;-69,0916666666667;"UL650-UT691"
"GELEL";"385158S-0675538W";-38,8661111111111;-67,9272222222222;"IAC NEU-STAR NEU"
"GELEV";"495141S-0713447W";-49,8613888888889;-71,5797222222222;"SID ECA"
"GELEX";"283407S-0654847W";-28,5686111111111;-65,8130555555556;"IAC CAT-SID CAT"
"GELOS";"330510S-0635558W";-33,0861111111111;-63,9327777777778;"IAC TRC"
"GELRI";"423946S-0650651W";-42,6627777777778;-65,1141666666667;"SID DRY-SID TRE"
"GELUV";"273246S-0641647W";-27,5461111111111;-64,2797222222222;"IAC SDE"
"GEMAL";"370822S-0591305W";-37,1394444444444;-59,2180555555556;"IAC DIL"
"GEMDO";"494231S-0674816W";-49,7086111111111;-67,8044444444444;"UW45-UZ117"
"GEMIK";"244230S-0623131W";-24,7083333333333;-62,5252777777778;"UL404-UM789"
"GEMIL";"550001S-0580427W";-55,0002777777778;-58,0741666666667;"UT103"
"GEMOB";"410509S-0712102W";-41,0858333333333;-71,3505555555555;"SID BAR"
"GEMOP";"310119S-0631125W";-31,0219444444444;-63,1902777777778;"UM400-W25-SID CBA-STAR CBA- TMA CBA"
"GEMPI";"330717S-0662318W";-33,1213888888889;-66,3883333333333;"IAC UIS"
"GEMSA";"405041S-0630701W";-40,8447222222222;-63,1169444444444;"IAC VIE"
"GEMSU";"301600S-0573818W";-30,2666666666667;-57,6383333333333;"N785-P526-UT667 Z120 -UZ120- UP526-UN785"
"GEMUD";"425811S-0651722W";-42,9697222222222;-65,2894444444444;"STAR TRE"
"GENAS";"312755S-0630851W";-31,4652777777778;-63,1475;"W6-UW6-UT652-UZ111-SID CBA- STAR CBA-TMA CBA"
"GENAX";"390337S-0631507W";-39,0602777777778;-63,2519444444444;"W34-UW34-SID BCA-STAR BCA- TMA BCA"
"GESNI";"341627S-0635407W";-34,2741666666667;-63,9019444444444;"UT700"
"GESPA";"220518S-0652700W";-22,0883333333333;-65,45;"UN525"
"GESTA";"350452S-0582644W";-35,0811111111111;-58,4455555555556;"IAC EZE-STAR EZE"
"GETRA";"240804S-0611840W";-24,1344444444444;-61,3111111111111;"UM784-UM799"
"GEVLU";"453159S-0670125W";-45,5330555555556;-67,0236111111111;"STAR CRV"
"GIBLA";"405503S-0624613W";-40,9175;-62,7702777777778;"IAC VIE"
"GIDPI";"374800S-0690820W";-37,8;-69,1388888888889;"Z122-UZ122 LIMITE FIR DOZ-EZE"
"GIGLU";"501116S-0720910W";-50,1877777777778;-72,1527777777778;"STAR ECA"
"GIGPO";"243946S-0650318W";-24,6627777777778;-65,055;"STAR JUJ-IAC JUJ"
"GILNA";"430849S-0650234W";-43,1469444444444;-65,0427777777778;"IAC TRE"
"GILSA";"303059S-0673753W";-30,5163888888889;-67,6313888888889;"W3-UW3-UZ108-Z119"
"GILVO";"463240S-0680633W";-46,5444444444444;-68,1091666666667;"W48-STAR CRV-TMA CRV"
"GUARE";"385715S-0690819W";-38,9541666666667;-69,1386111111111;"B556-STAR NEU"
"GUDUX";"524450S-0671605W";-52,7472222222222;-67,2680555555555;"UT108-T108-UT700"
"GUKAS";"272213S-0600520W";-27,3702777777778;-60,0888888888889;"W7-Z120-SID CRS SIS-STAR CRS SIS-TMA SIS"
"GUVAD";"323514S-0682924W";-32,5872222222222;-68,49;"STAR DOZ"
"GUVOL";"322230S-0701330W";-32,375;-70,225;"UN527-UZ128"
"GUVUM";"431625S-0652954W";-43,2736111111111;-65,4983333333333;"IAC TRE"
"GUVUX";"312834S-0642252W";-31,4761111111111;-64,3811111111111;"IAC CBA"
"GUXOR";"372230S-0530000W";-37,375;-53;"AORRA-UL211F"
"HORNO";"562836S-0671600W";-56,4766666666667;-67,2666666666667;"W100-UW 100 "
"ILKOR";"462551S-0702646W";-46,4308333333333;-70,4461111111111;"Z123- T658"
"ILMEN";"534119S-0672518W";-53,6886111111111;-67,4216666666667;"IAC GRA"
"ILMEV";"271033S-0651009W";-27,1758333333333;-65,1691666666667;"IAC TUC-STAR TUC "
"ILMIS";"244048S-0530327W";-24,68;-53,0575;"STAR IGU"
"ILMOS";"372413S-0592109W";-37,4036111111111;-59,3525;"IAC DIL"
"ILNEL";"425112S-0651828W";-42,8533333333333;-65,3077777777778;"IAC DRY "
"ILNOV";"254248S-0543150W";-25,7133333333333;-54,5305555555556;"SID IGU"
"ILNOX";"433917S-0654753W";-43,6547222222222;-65,7980555555555;"SID DRY-SID TRE "
"ILPAB";"261507S-0542924W";-26,2519444444444;-54,49;"STAR IGU"
"ILPAL";"424904S-0650842W";-42,8177777777778;-65,145;"SID TRE"
"ILPAR";"254158S-0650533W";-25,6994444444444;-65,0925;"UT675-W3-UT677-SID JUJ TUC- STAR JUJ SAL TUC-TMA TUC- TMA SAL"
"ILPEN";"312606S-0640256W";-31,435;-64,0488888888889;"IAC CBA"
"ILPES";"271407S-0583305W";-27,2352777777778;-58,5513888888889;"IAC CRS STAR CRS"
"ILPIK";"495424S-0684231W";-49,9066666666667;-68,7086111111111;"W36"
"ILPOT";"422246S-0643849W";-42,3794444444444;-64,6469444444445;"T693-UT693-STAR TRE-TMA TRE"
"ILRAM";"411543S-0705016W";-41,2619444444444;-70,8377777777778;"IAC BAR-STAR BAR"
"ILRED";"370957S-0572336W";-37,1658333333333;-57,3933333333333;"STAR MDP"
"ILSAS";"261516S-0615047W";-26,2544444444444;-61,8463888888889;"W4-Z118"
"ILSEN";"332922S-0661727W";-33,4894444444444;-66,2908333333333;"IAC UIS- STAR UIS"
"ILSOK";"324932S-0641734W";-32,8255555555556;-64,2927777777778;"IAC TRC"
"ILSUR";"310220S-0694134W";-31,0388888888889;-69,6927777777778;"UL322-UL416"
"ILTAV";"260855S-0642633W";-26,1486111111111;-64,4425;"Z132- TMA TUC"
"ILTIM";"245451S-0644800W";-24,9141666666667;-64,8;"STAR JUJ"
"ILTIP";"521318S-0685402W";-52,2216666666667;-68,9005555555556;"STAR GAL"
"ILTOK";"245817S-0653041W";-24,9713888888889;-65,5113888888889;"SID SAL"
"ILTOS";"392657S-0680638W";-39,4491666666667;-68,1105555555555;"T105- STAR NEU-SID NEU-TMA NEU"
"ILTUH";"330305S-0684746W";-33,0513888888889;-68,7961111111111;"IAC DOZ"
"ILVUB";"405344S-0625234W";-40,8955555555556;-62,8761111111111;"IAC VIE"
"IMBAK";"305601S-0584659W";-30,9336111111111;-58,7830555555556;"A428-Z110-UM418-UL793"
"IMBER";"243724S-0631528W";-24,6233333333333;-63,2577777777778;"UM789-UL417"
"IMBOD";"344701S-0584502W";-34,7836111111111;-58,7505555555556;"IAC EZE"
"IMBOL";"274456S-0645554W";-27,7488888888889;-64,9316666666667;"W5-UW5-UN525-STAR TUC-SID TUC-TMA TUC"
"IMDAD";"330555S-0604314W";-33,0986111111111;-60,7205555555556;"IAC ROS STAR ROS"
"IRASU";"352314S-0614437W";-35,3872222222222;-61,7436111111111;"UZ113-UW15-UW68-UW73-W68- W73"
"IRATI";"320725S-0651119W";-32,1236111111111;-65,1886111111111;"W23"
"IRATU";"274958S-0561318W";-27,8327777777778;-56,2216666666667;"N785-TMA POS"
"IRAVO";"311548S-0640335W";-31,2633333333333;-64,0597222222222;"SID CBA"
"IRAVU";"504605S-0684519W";-50,7680555555556;-68,7552777777778;"W18-UT109-UZ117-STAR GAL- SID GAL-TMA GAL"
"IREKA";"293317S-0604933W";-29,5547222222222;-60,8258333333333;"W14-UW14"
"IREMO";"395211S-0615453W";-39,8697222222222;-61,9147222222222;"UP664-UT694"
"IRETI";"310818S-0641245W";-31,1383333333333;-64,2125;"IAC CBA-STAR CBA"
"IREXA";"344953S-0635922W";-34,8313888888889;-63,9894444444444;"UT700-UM424"
"IRILI";"242950S-0650058W";-24,4972222222222;-65,0161111111111;"SID JUJ"
"IRINU";"424257S-0644832W";-42,7158333333333;-64,8088888888889;"IAC DRY"
"IRIRO";"582106S-0530000W";-58,3516666666667;-53;"AORRA"
"IRIXA";"385105S-0682518W";-38,8513888888889;-68,4216666666667;"IAC NEU-STAR NEU"
"IROKA";"331308S-0642500W";-33,2188888888889;-64,4166666666667;"IAC TRC"
"IROLA";"425901S-0694506W";-42,9836111111111;-69,7516666666667;"W39-W40-UW39-UW40"
"ISAXO";"501545S-0714550W";-50,2625;-71,7638888888889;"IAC ECA-SID ECA"
"ISEGA";"350518S-0682207W";-35,0883333333333;-68,3686111111111;"W37-SID SRA-TMA SRA"
"ISELU";"344207S-0652409W";-34,7019444444445;-65,4025;"UM424-UZ114"
"ISEXU";"452832S-0672315W";-45,4755555555556;-67,3875;"STAR CRV-SID CRV"
"ISIPO";"330040S-0660102W";-33,0111111111111;-66,0172222222222;"W23-UT685-Z104-SID UIS-STAR UIS-TMA UIS-UZ125"
"ISKES";"445137S-0672920W";-44,8602777777778;-67,4888888888889;"T105-UT105-SID CRV-TMA CRV"
"ISKUK";"283543S-0624315W";-28,5952777777778;-62,7208333333333;"UM529"
"ISLOB";"240509S-0615729W";-24,0858333333333;-61,9580555555556;"UN775"
"ISMIL";"382016S-0663959W";-38,3377777777778;-66,6663888888889;"UT655-UZ109-Z109-T655"
"ISMOS";"430347S-0654449W";-43,0630555555556;-65,7469444444445;"SID TRE"
"ISODA";"372507S-0590839W";-37,4186111111111;-59,1441666666667;"IAC DIL"
"ISOPO";"311842S-0612338W";-31,3116666666667;-61,3938888888889;"UT672-T672-UL404-TMA PAR"
"ISORO";"355830S-0694229W";-35,975;-69,7080555555556;"W44-STAR MLG-TMA MLG"
"ISOSO";"513658S-0692755W";-51,6161111111111;-69,4652777777778;"IAC GAL"
"ISTER";"354016S-0573614W";-35,6711111111111;-57,6038888888889;"W27"
"ISUBA";"255327S-0541934W";-25,8908333333333;-54,3261111111111;"IAC IGU-STAR IGU"
"ISUSA";"313821S-0675028W";-31,6391666666667;-67,8411111111111;"W66-STAR JUA-SID JUA-TMA JUA"
"ISVOR";"385038S-0620253W";-38,8438888888889;-62,0480555555556;"IAC BCA"
"ITADO";"284335S-0593032W";-28,7263888888889;-59,5088888888889;"W20-TMA RCQ"
"ITELA";"285828S-0652327W";-28,9744444444444;-65,3908333333333;"UZ102-Z102-STAR CAT-TMA CAT"
"IVREG";"342549S-0682654W";-34,4302777777778;-68,4483333333333;"IAC SRA"
"IVREK";"375303S-0574018W";-37,8841666666667;-57,6716666666667;"IAC MDP"
"IVROR";"424428S-0644130W";-42,7411111111111;-64,6916666666667;"STAR TRE"
"JOALI";"255059S-0541212W";-25,8497222222222;-54,2033333333333;"IAC IGU-SID IGU-STAR IGU"
"KABAK";"331858S-0670303W";-33,3161111111111;-67,0508333333333;"W10-W9-STAR UIS"
"KABES";"490000S-0584003W";-49;-58,6675;"UT103"
"KABIS";"343022S-0583039W";-34,5061111111111;-58,5108333333333;"IAC AER"
"KABIT";"454455S-0671123W";-45,7486111111111;-67,1897222222222;"IAC CRV"
"KADAT";"232330S-0670800W";-23,3916666666667;-67,1333333333333;"UM789"
"KADEB";"504305S-0685956W";-50,7180555555556;-68,9988888888889;"W36-UP664-STAR GAL-SID GAL-TMA GAL"
"KADIV";"474128S-0701136W";-47,6911111111111;-70,1933333333333;"UT658-UT110-SID ECA"
"KAGEN";"620002S-0594004W";-62,0005555555556;-59,6677777777778;"W56-UW56-Z133-UZ133-"
"KAKAN";"290341S-0662214W";-29,0613888888889;-66,3705555555556;"W3-UW3-UM799-SID CAT-STAR CAT-TMA LAR-TMA CAT-Z119"
"KAKIN";"400959S-0400000W";-40,1663888888889;-40;"UL211F"
"KAKOG";"431811S-0653618W";-43,3030555555556;-65,605;"STAR TRE-IAC TRE"
"KALIM";"361810S-0584448W";-36,3027777777778;-58,7466666666667;"W18-TMA DIL"
"KALOM";"251115S-0580937W";-25,1875;-58,1602777777778;"UM789-M789"
"KAMAD";"432759S-0641903W";-43,4663888888889;-64,3175;"UT109"
"KAMIL";"253514S-0534558W";-25,5872222222222;-53,7661111111111;"SID IGU-STAR IGU"
"KAMOV";"434554S-0653254W";-43,765;-65,5483333333333;"SID DRY TRE-STAR TRE"
"KAMUR";"370900S-0710850W";-37,15;-71,1472222222222;"R683"
"KAMUV";"325435S-0674212W";-32,9097222222222;-67,7033333333333;"W64-UT670-SID DOZ-TMA DOZ"
"KETIS";"401359S-0295958W";-40,2330555555556;-29,9994444444444;"UL211F"
"KEXAK";"260115S-0542310W";-26,0208333333333;-54,3861111111111;"STAR IGU"
"KEXEV";"330728S-0684750W";-33,1244444444444;-68,7972222222222;"IAC DOZ STAR DOZ"
"KEXOP";"543000S-0680635W";-54,5;-68,1097222222222;"W42-UW42-Z130-UZ130-SID USU- TMA USU-TMA GRA"
"KEXOS";"273240S-0584638W";-27,5444444444444;-58,7772222222222;"IAC CRS"
"KEXUS";"330930S-0642046W";-33,1583333333333;-64,3461111111111;"IAC TRC"
"KIBAR";"503528S-0712559W";-50,5911111111111;-71,4330555555556;"G550-W52-SID ECA-TMA ECA-"
"KIBIG";"383516S-0621116W";-38,5877777777778;-62,1877777777778;"IAC BCA STAR BCA"
"KIBOS";"243946S-0651907W";-24,6627777777778;-65,3186111111111;"SID SAL"
"KIBUN";"313215S-0675008W";-31,5375;-67,8355555555555;"W24-STAR JUA-SID JUA-TMA JUA"
"KIGIR";"411641S-0632250W";-41,2780555555556;-63,3805555555556;"W18-SID VIE-STAR TRE-TMA VIE"
"KIKAV";"365038S-0642020W";-36,8438888888889;-64,3388888888889;"IAC OSA"
"KIKIN";"380603S-0642842W";-38,1008333333333;-64,4783333333333;"T654-T661-UT654-UT700"
"KIKIP";"331708S-0610726W";-33,2855555555556;-61,1238888888889;"UW24-UT705"
"KIKUG";"425842S-0652935W";-42,9783333333333;-65,4930555555556;"SID TRE"
"KILIP";"294042S-0585306W";-29,6783333333333;-58,885;"A428-Z110-UM400-UL793-SID CRS SIS-STAR CRS SIS"
"KILOS";"401459S-0450000W";-40,2497222222222;-45;"UL211F"
"KIMID";"392222S-0632352W";-39,3727777777778;-63,3977777777778;"T657-UT657-SID BCA-STAR BCA"
"KIMIK";"293204S-0565329W";-29,5344444444444;-56,8913888888889;"UM402"
"KIMIS";"365359S-0670142W";-36,8997222222222;-67,0283333333333;"W65-UZ114"
"KOLNA";"260833S-0540554W";-26,1425;-54,0983333333333;"UL216-R563-SID IGU-STAR IGU- TMA FOZ"
"KOLNO";"405639S-0623835W";-40,9441666666667;-62,6430555555556;"IAC VIE"
"KOLVA";"424233S-0645938W";-42,7091666666667;-64,9938888888889;"IAC DRY-SID DRY"
"KOMVI";"402101S-0690920W";-40,3502777777778;-69,1555555555556;"W30-UW30-UT654-T654"
"KONLO";"384752S-0620635W";-38,7977777777778;-62,1097222222222;"IAC BCA"
"KONRI";"240700S-0673200W";-24,1166666666667;-67,5333333333333;"UL550-SID TUC-STAR TUC"
"KOPLO";"285454S-0654800W";-28,915;-65,8;"SID CAT"
"KOPRO";"344431S-0583822W";-34,7419444444444;-58,6394444444444;"IAC EZE"
"KOPSI";"315557S-0655945W";-31,9325;-65,9958333333333;"UL531-UT653-UZ105"
"KORGA";"400506S-0612743W";-40,085;-61,4619444444444;"W33-UW33"
"KORSI";"273658S-0591426W";-27,6161111111111;-59,2405555555556;"IAC SIS SID CRS SIS STAR SIS"
"KORSO";"262941S-0611635W";-26,4947222222222;-61,2763888888889;"UN775"
"KORTA";"304135S-0574714W";-30,6930555555556;-57,7872222222222;"N785-UN785"
"KOSDU";"332158S-0662209W";-33,3661111111111;-66,3691666666667;"IAC UIS"
"KOSNO";"322556S-0633141W";-32,4322222222222;-63,5280555555556;"UT653-UW15"
"KOTES";"322412S-0681639W";-32,4033333333333;-68,2775;"SID DOZ"
"KOTNI";"341720S-0690222W";-34,2888888888889;-69,0394444444444;"M424-W44-UW44-UZ108-UM424"
"KOTOG";"382703S-0681101W";-38,4508333333333;-68,1836111111111;"W37-STAR NEU-SID NEU-TMA NEU"
"KOTOL";"331415S-0634139W";-33,2375;-63,6941666666667;"W10"
"KOTON";"493736S-0655658W";-49,6266666666667;-65,9494444444445;"UT108"
"KOTUD";"313545S-0680711W";-31,5958333333333;-68,1197222222222;"STAR JUA"
"KOTUK";"363028S-0633841W";-36,5077777777778;-63,6447222222222;"W61-TMA OSA"
"KOVAT";"242845S-0642704W";-24,4791666666667;-64,4511111111111;"UM789-M789-ANTIGRANIZO JUJ SUP"
"KOVEV";"310343S-0641245W";-31,0619444444444;-64,2125;"IAC CBA"
"KOVEX";"375019S-0574539W";-37,8386111111111;-57,7608333333333;"IAC MDP"
"KOVRA";"253939S-0543921W";-25,6608333333333;-54,6558333333333;"IAC IGU-STAR IGU"
"KOVSI";"535205S-0680223W";-53,8680555555556;-68,0397222222222;"IAC GRA"
"KOVSO";"252833S-0540128W";-25,4758333333333;-54,0244444444444;"STAR IGU"
"KOVUK";"351158S-0573114W";-35,1994444444444;-57,5205555555556;"W27-SID AER EZE-STAR AER EZE-TMA BAIRES"
"KOVUN";"332918S-0643252W";-33,4883333333333;-64,5477777777778;"UT670-UZ114"
"KRILL";"611222S-0604111W";-61,2061111111111;-60,6863888888889;"W56-UW56-Z133-UZ133-W100-UW100"
"KUBIR";"240424S-0595648W";-24,0733333333333;-59,9466666666667;"UL793"
"KUBIX";"384832S-0622200W";-38,8088888888889;-62,3666666666667;"IAC BCA"
"KUBSI";"362353S-0642002W";-36,3980555555556;-64,3338888888889;"IAC OSA"
"KUDRA";"244500S-0652747W";-24,75;-65,4630555555556;"IAC SAL"
"KUGLO";"284635S-0603611W";-28,7763888888889;-60,6030555555556;"UN775-UL531"
"KUGRI";"374312S-0685644W";-37,72;-68,9455555555556;"UZ107-Z107"
"KUGSU";"322145S-0653842W";-32,3625;-65,645;"UT684-UT685"
"KUKAS";"473537S-0660759W";-47,5936111111111;-66,1330555555555;"UT700-UZ117"
"KUKEN";"341058S-0581302W";-34,1827777777778;-58,2172222222222;"UL324-UM654-SID AER EZE-STAR AER EZE"
"KULIT";"494842S-0674821W";-49,8116666666667;-67,8058333333333;"W45"
"KULUP";"404743S-0632058W";-40,7952777777778;-63,3494444444444;"IAC VIE"
"KUMOT";"264919S-0644949W";-26,8219444444444;-64,8302777777778;"IAC TUC"
"LAG01";"251730S-0650630W";-25,2916666666667;-65,1083333333333;"ANTIGRANIZO JUJ SUP"
"LAG02";"240530S-0654330W";-24,0916666666667;-65,725;"ANTIGRANIZO JUJ SUP"
"LAG03";"235135S-0651825W";-23,8597222222222;-65,3069444444444;"ANTIGRANIZO JUJ SUP"
"LAG04";"235630S-0652900W";-23,9416666666667;-65,4833333333333;"ANTIGRANIZO JUJ SUP"
"LAG05";"242741S-0642628W";-24,4613888888889;-64,4411111111111;"ANTIGRANIZO JUJI NF
/ANTIGRANIZO JUJ SUP"
"LAG06";"245516S-0644711W";-24,9211111111111;-64,7863888888889;"ANTIGRANIZO JUJ SUP"
"LAG07";"251200S-0643900W";-25,2;-64,65;"ANTIGRANIZO JUJ SUP"
"LAG08";"233550S-0650130W";-23,5972222222222;-65,025;"ANTIGRANIZO JUJ SUP"
"LAG09";"235328S-0644609W";-23,8911111111111;-64,7691666666667;"ANTIGRANIZO JUJ INF"
"LAG10";"240736S-0653834W";-24,1266666666667;-65,6427777777778;"ANTIGRANIZO JUJ SUP"
"LAG11";"230200S-0653800W";-23,0333333333333;-65,6333333333333;"ANTIGRANIZO JUJ SUP"
"LAG12";"245906S-0650442W";-24,985;-65,0783333333333;"ANTIGRANIZO JUJ INF
/ANTIGRANIZO JUJ SUP"
"LAG13";"234932S-0651041W";-23,8255555555556;-65,1780555555556;"ANTIGRANIZO JUJ SUP"
"LAG14";"230400S-0652300W";-23,0666666666667;-65,3833333333333;"ANTIGRANIZO JUJ SUP"
"LAG15";"234530S-0662330W";-23,7583333333333;-66,3916666666667;"ANTIGRANIZO JUJ SUP"
"LAG16";"234900S-0650600W";-23,8166666666667;-65,1;"ANTIGRANIZO JUJ SUP"
"LAJAS";"330840S-0645011W";-33,1444444444444;-64,8363888888889;"W10-TMA VME"
"LANDA";"335429S-0583431W";-33,9080555555556;-58,5752777777778;"W74-N785-UN785-SID AER EZE- TMA BAIRES"
"LANUB";"261502S-0542104W";-26,2505555555556;-54,3511111111111;"STAR IGU-IAC IGU"
"LIMAY";"404446S-0703711W";-40,7461111111111;-70,6197222222222;"W26- UW26-SID BAR-Z109- UZ109-SID BAR-TMA BAR"
"LITOR";"290202S-0652955W";-29,0338888888889;-65,4986111111111;"W 15-UW15-SID CAT-UM543- STAR CAT-TMA CAT"
"LIVAK";"384850S-0622720W";-38,8138888888889;-62,4555555555556;"STAR BCA"
"LIVIN";"513549S-0690415W";-51,5969444444444;-69,0708333333333;"IAC GAL"
"LIVUL";"244630S-0651918W";-24,775;-65,3216666666667;"SID SAL"
"LIVUP";"371941S-0591421W";-37,3280555555556;-59,2391666666667;"IAC DIL"
"LIVUS";"312224S-0641226W";-31,3733333333333;-64,2072222222222;"IAC CBA"
"LIVUX";"423500S-0645519W";-42,5833333333333;-64,9219444444444;"IAC DRY"
"LIXIM";"514012S-0685744W";-51,67;-68,9622222222222;"STAR GAL-IAC GAL"
"LIXOR";"364336S-0602415W";-36,7266666666667;-60,4041666666667;"UW22-UT688"
"LOBID";"535109S-0672649W";-53,8525;-67,4469444444445;"IAC GRA"
"LOGAM";"345757S-0621811W";-34,9658333333333;-62,3030555555556;"M424-UM424-UW15"
"LOGET";"302341S-0641403W";-30,3947222222222;-64,2341666666667;"W6- UW6-UZ112-SID CBA-STAR CBA-TMA CBA"
"LOKAT";"331040S-0643859W";-33,1777777777778;-64,6497222222222;"IAC TRC"
"LOKAV";"275744S-0641912W";-27,9622222222222;-64,32;"IAC SDE"
"LOKEN";"532430S-0682517W";-53,4083333333333;-68,4213888888889;"W63-UW63"
"LOKOT";"312628S-0640442W";-31,4411111111111;-64,0783333333333;"IAC CBA"
"LOLAN";"460000S-0585003W";-46;-58,8341666666667;"UT103"
"LOLAR";"264035S-0651536W";-26,6763888888889;-65,26;"STAR TUC"
"LOLAS";"354035S-0644749W";-35,6763888888889;-64,7969444444444;"B684-UM783"
"LOLIV";"334158S-0670018W";-33,6994444444444;-67,005;"UT688-UW23-W23-W71"
"LOMAD";"323908S-0684725W";-32,6522222222222;-68,7902777777778;"IAC DOZ"
"LOMEK";"390158S-0675539W";-39,0327777777778;-67,9275;"IAC NEU-STAR NEU"
"LOMIN";"503437S-0603303W";-50,5769444444445;-60,5508333333333;"W50-UW50"
"LOMUR";"580001S-0641005W";-58,0002777777778;-64,1680555555556;"W56-UW56-Z133-UZ133-"
"LOMUS";"405442S-0633935W";-40,9116666666667;-63,6597222222222;"W33-UW33-UT693-T693-SID TRE DRY VIE-STAR TRE-TMA VIE"
"LUCHY";"272104S-0590050W";-27,3511111111111;-59,0138888888889;"IAC SIS"
"LUTSO";"272602S-0580128W";-27,4338888888889;-58,0244444444444;"B687-UP779-STAR SIS CRS-SID SIS CRS-TMA SIS"
"LUVLA";"243646S-0645735W";-24,6127777777778;-64,9597222222222;"IAC JUJ"
"MADSA";"263542S-0591654W";-26,595;-59,2816666666667;"UM529 UL793"
"MAGDO";"353116S-0685757W";-35,5211111111111;-68,9658333333333;"B684- STAR MLG-TMA MLG"
"MALDI";"254146S-0543420W";-25,6961111111111;-54,5722222222222;"IAC IGU"
"MAMGO";"431439S-0652330W";-43,2441666666667;-65,3916666666667;"IAC TRE"
"MAMKA";"244903S-0614514W";-24,8175;-61,7538888888889;"UN775-UM789"
"MAMPU";"271753S-0591228W";-27,2980555555556;-59,2077777777778;"IAC SIS STAR CRS SIS"
"MANTI";"490044S-0714320W";-49,0122222222222;-71,7222222222222;"UT659-T659-SID ECA"
"MASDO";"281751S-0574706W";-28,2975;-57,785;"UW14-UZ103"
"MASVI";"250003S-0653518W";-25,0008333333333;-65,5883333333333;"IAC SAL"
"MATEL";"251328S-0535256W";-25,2244444444444;-53,8822222222222;"SID IGU-STAR IGU"
"MATMU";"431329S-0650007W";-43,2247222222222;-65,0019444444444;"STAR TRE-IAC TRE"
"MAVBI";"311534S-0630809W";-31,2594444444444;-63,1358333333333;"UM418-W69-UZ102-STAR CBA-TMA CBA"
"MEBRA";"320331S-0682013W";-32,0586111111111;-68,3369444444444;"W44-UW44-W3-UW3-SID JUA DOZ-STAR JUA DOZ-TMA DOZ-TMA JUA-Z119-UZ128"
"MEXEM";"281605S-0604520W";-28,2680555555556;-60,7555555555556;"UN775-UM529"
"MEXIL";"332708S-0662251W";-33,4522222222222;-66,3808333333333;"IAC UIS"
"MEXUB";"275303S-0642912W";-27,8841666666667;-64,4866666666667;"IAC SDE"
"MIBAS";"304700S-0701730W";-30,7833333333333;-70,2916666666667;"B560-UL416-UT671"
"MIBIP";"424628S-0653336W";-42,7744444444444;-65,56;"SID DRY"
"MIBOK";"544904S-0674032W";-54,8177777777778;-67,6755555555556;"IAC USU-STAR USU"
"MIDAL";"600001S-0620504W";-60,0002777777778;-62,0844444444444;"W56-UW56-Z133-UZ133-"
"MIDOT";"363217S-0640558W";-36,5380555555556;-64,0994444444444;"SID OSA"
"MIGUS";"422741S-0643041W";-42,4613888888889;-64,5113888888889;"W18-STAR TRE-TMA TRE"
"MIGUT";"502436S-0713610W";-50,41;-71,6027777777778;"SID ECA-STAR ECA"
"MIKIM";"455323S-0703303W";-45,8897222222222;-70,5508333333333;"UT658-UZ131-T658-W58"
"MILAX";"360654S-0614727W";-36,115;-61,7908333333333;"UT655-UT688"
"MIMEX";"242745S-0643440W";-24,4625;-64,5777777777778;"M789-STAR JUJ-SID JUJ-TMA SAL"
"MIPAB";"260733S-0654448W";-26,1258333333333;-65,7466666666667;"STAR TUC "
"MIPAT";"425959S-0590003W";-42,9997222222222;-59,0008333333333;"UT103"
"MOCHO";"381716S-0702040W";-38,2877777777778;-70,3444444444444;"W44-UW44-STAR MLG-UT685- UZ108-STAR MLG"
"MOLRI";"274055S-0641538W";-27,6819444444444;-64,2605555555556;"IAC SDE"
"MORPU";"271325S-0585002W";-27,2236111111111;-58,8338888888889;"IAC CRS STAR CRS"
"MORRO";"331347S-0655143W";-33,2297222222222;-65,8619444444444;"W10-SID UIS-STAR UIS-TMA RYD-TMA UIS"
"MORSI";"401459S-0195957W";-40,2497222222222;-19,9991666666667;"UL211F"
"MOSGI";"345942S-0582808W";-34,995;-58,4688888888889;"IAC EZE"
"MOSKA";"503437S-0583039W";-50,5769444444445;-58,5108333333333;"UT103"
"MOTNO";"481028S-0710722W";-48,1744444444444;-71,1227777777778;"Z116-UT110-UZ116"
"MOXAN";"382218S-0610427W";-38,3716666666667;-61,0741666666667;"W18-UW18- SID BCA-STAR BCA- TMA BCA"
"MOXAT";"240605S-0645500W";-24,1013888888889;-64,9166666666667;"N650-SID JUJ-STAR JUJ-TMA SAL"
"MUBAD";"270535S-0650912W";-27,0930555555556;-65,1533333333333;"IAC TUC-STAR TUC"
"MUBEN";"330311S-0683705W";-33,0530555555556;-68,6180555555555;"IAC DOZ-STAR DOZ"
"MUBES";"524809S-0682845W";-52,8025;-68,4791666666667;"W42-UW42-Z130-UZ130-W63- STAR GAL--SID GAL GRA-UW63- TMA GRA-TMA GAL"
"MUBLU";"324631S-0660555W";-32,7752777777778;-66,0986111111111;"UT652"
"MUBOK";"252738S-0652322W";-25,4605555555556;-65,3894444444445;"SID SAL"
"MUBUD";"384518S-0620835W";-38,755;-62,1430555555556;"IAC BCA"
"MUDNO";"364529S-0571246W";-36,7580555555556;-57,2127777777778;"W59-STAR MDP-TMA MDP"
"MUDUL";"265801S-0640445W";-26,9669444444444;-64,0791666666667;"UW6-UM799-UT677-UZ112-UZ120"
"MUGUM";"544925S-0674859W";-54,8236111111111;-67,8163888888889;"IAC USU"
"MULBO";"335129S-0663959W";-33,8580555555556;-66,6663888888889;"UT688-UT685"
"MULSI";"425448S-0652017W";-42,9133333333333;-65,3380555555556;"SID DRY"
"MULTA";"335024S-0600747W";-33,84;-60,1297222222222;"W20-W24-UW24-UT672"
"MUMAB";"425010S-0655639W";-42,8361111111111;-65,9441666666667;"SID TRE"
"MUMAT";"331020S-0683536W";-33,1722222222222;-68,5933333333333;"UT687-UZ108-UW44"
"MUMIN";"245709S-0653027W";-24,9525;-65,5075;"IAC SAL"
"MUMSA";"340229S-0635157W";-34,0413888888889;-63,8658333333333;"UT700-UL405"
"MUMUK";"264521S-0664312W";-26,7558333333333;-66,72;"UL322-UM543"
"MUNAV";"424833S-0651242W";-42,8091666666667;-65,2116666666667;"IAC DRY-SID DRY"
"MUNER";"520000S-0711836W";-52;-71,31;"UN674-N674-B432-STAR ECA- SID ECA"
"MUNES";"401958S-0100000W";-40,3327777777778;-10;"UL211F"
"MUNON";"243346S-0645153W";-24,5627777777778;-64,8647222222222;"STAR JUJ-IAC JUJ"
"MUPAD";"512218S-0691657W";-51,3716666666667;-69,2825;"SID GAL"
"MUPER";"342733S-0583540W";-34,4591666666667;-58,5944444444444;"IAC AER"
"MUPIS";"322418S-0604730W";-32,405;-60,7916666666667;"W21-SID ROS-STAR ROS-TMA ROS-TMA PAR"
"NAIDE";"273648S-0553516W";-27,6133333333333;-55,5877777777778;"UT667"
"NAJAL";"430403S-0651222W";-43,0675;-65,2061111111111;"SID TRE"
"NAXET";"233328S-0652804W";-23,5577777777778;-65,4677777777778;"UM776-UN525-ANTIGRANIZO JUJ SUP"
"NAXEX";"312167S-0681901W";-31,3686111111111;-68,3169444444444;"IAC JUA-STAR JUA"
"NEBEG";"334800S-0695400W";-33,8;-69,9;"A307-UL531-STAR DOZ-TMA DOZ"
"NEDET";"383128S-0621344W";-38,5244444444444;-62,2288888888889;"IAC BCA"
"NEGEX";"261217S-0544637W";-26,2047222222222;-54,7769444444444;"SID IGU-STAR IGU"
"NEGOS";"461443S-0714037W";-46,2452777777778;-71,6769444444444;"G550"
"NELEK";"344449S-0583230W";-34,7469444444444;-58,5416666666667;"IAC PAL"
"NEMEN";"385653S-0682319W";-38,9480555555556;-68,3886111111111;"IAC NEU"
"NEPIS";"343416S-0593602W";-34,5711111111111;-59,6005555555556;"W13-SID AER-TMA BAIRES"
"NESRI";"275206S-0612623W";-27,8683333333333;-61,4397222222222;"UM529 LIM FIR CBA SIS"
"NEVLO";"345801S-0582011W";-34,9669444444444;-58,3363888888889;"IAC EZE"
"NIBGO";"324238S-0605029W";-32,7105555555556;-60,8413888888889;"IAC ROS-SID ROS-STAR ROS"
"NIDBA";"384249S-0673433W";-38,7136111111111;-67,5758333333333;"T655-SID NEU-TMA NEU"
"NIGBU";"404210S-0675931W";-40,7027777777778;-67,9919444444444;"T105-UT105"
"NILVU";"385254S-0621853W";-38,8816666666667;-62,3147222222222;"IAC BCA-STAR BCA"
"NINSI";"343055S-0621436W";-34,5152777777778;-62,2433333333333;"UT705-UZ113"
"NINVO";"455842S-0671220W";-45,9783333333333;-67,2055555555556;"STAR CRV-SID CRV"
"NIPMU";"285413S-0631635W";-28,9036111111111;-63,2763888888889;"UM529 LIMITE SECTOR CBA SUR - CBA NORTE"
"NIPTO";"312834S-0682509W";-31,4761111111111;-68,4191666666667;"IAC JUA"
"NIRSU";"375630S-0571927W";-37,9416666666667;-57,3241666666667;"IAC MDP STAR MDP"
"NIRTA";"323932S-0681359W";-32,6588888888889;-68,2330555555556;"W44-UW44-A307-UL531"
"NITLO";"414905S-0692219W";-41,8180555555556;-69,3719444444444;"W38-W41-UW38-UW41"
"NUEXE";"423713S-0644809W";-42,6202777777778;-64,8025;"IAC DRY"
"NUXAB";"311657S-0635611W";-31,2825;-63,9363888888889;"IAC CBA"
"NUXAS";"271614S-0584405W";-27,2705555555556;-58,7347222222222;"IAC CRS"
"NUXAX";"505853S-0691221W";-50,9813888888889;-69,2058333333333;"STAR GAL"
"NUXIM";"342646S-0613234W";-34,4461111111111;-61,5427777777778;"W9-UL405"
"OBLET";"255237S-0542837W";-25,8769444444444;-54,4769444444444;"IAC IGU"
"OGLER";"365919S-0635304W";-36,9886111111111;-63,8844444444444;"W67-SID OSA-TMA OSA"
"OGNAX";"242309S-0645337W";-24,3858333333333;-64,8936111111111;"IAC JUJ"
"OGNEB";"384616S-0621649W";-38,7711111111111;-62,2802777777778;"IAC BCA "
"OGNOP";"311903S-0675456W";-31,3175;-67,9155555555556;"UZ108 UM529 "
"OGSAN";"340934S-0615535W";-34,1594444444444;-61,9263888888889;"UT684-UT705 "
"OGTEL";"293713S-0575817W";-29,6202777777778;-57,9713888888889;"UT682-UZ120"
"OGTUR";"492831S-0715633W";-49,4752777777778;-71,9425;"G550 T659 UT659"
"OPKAN";"281947S-0592204W";-28,3297222222222;-59,3677777777778;"W20-UW20-SID CRS SIS-STAR CRS SIS-TMA SIS"
"OPKOT";"384041S-0615257W";-38,6780555555556;-61,8825;"IAC BCA STAR BCA"
"OPLAS";"423358S-0703441W";-42,5661111111111;-70,5780555555556;"W41-STAR ESQ-TMA ESQ"
"OPLET";"314749S-0682351W";-31,7969444444444;-68,3975;"IAC JUA-STAR JUA"
"OPLID";"274100S-0590234W";-27,6833333333333;-59,0427777777778;"IAC SIS STAR SIS "
"OPLOM";"345036S-0582505W";-34,8433333333333;-58,4180555555556;"IAC EZE"
"OPLUX";"332309S-0662218W";-33,3858333333333;-66,3716666666667;"SID UIS "
"OPNIN";"301337S-0600932W";-30,2269444444444;-60,1588888888889;"UN775"
"OPREN";"355828S-0692636W";-35,9744444444444;-69,4433333333333;"Z107-TMA MLG"
"OPRER";"372544S-0571848W";-37,4288888888889;-57,3133333333333;"SID MDP-STAR MDP"
"OPRIL";"341702S-0675452W";-34,2838888888889;-67,9144444444445;"W23-SID SRA-TMA SRA"
"OPROS";"423823S-0702944W";-42,6397222222222;-70,4955555555556;"T657"
"OPSEV";"383716S-0621135W";-38,6211111111111;-62,1930555555556;"IAC BCA"
"OPSIR";"440712S-0652604W";-44,12;-65,4344444444445;"T693-STAR TRE-SID TRE DRY- TMA TRE"
"OPSIS";"330028S-0671134W";-33,0077777777778;-67,1927777777778;"UT670-UL531"
"OPSUL";"354103S-0692537W";-35,6841666666667;-69,4269444444444;"IAC MLG-STAR MLG"
"OPTES";"264450S-0602910W";-26,7472222222222;-60,4861111111111;"Z118"
"OPTIR";"304654S-0622242W";-30,7816666666667;-62,3783333333333;"UM400-UL550-W25"
"OPTUL";"340916S-0684128W";-34,1544444444444;-68,6911111111111;"SID SRA-W37"
"OPUPO";"322159S-0593745W";-32,3663888888889;-59,6291666666667;"B555-TMA PAR"
"OPUVI";"334841S-0611829W";-33,8113888888889;-61,3080555555556;"W10-UW10"
"ORABA";"312920S-0665313W";-31,4888888888889;-66,8869444444445;"W24-UW24"
"ORABO";"504238S-0693218W";-50,7105555555556;-69,5383333333333;"T658-UT658"
"ORAMU";"421630S-0650553W";-42,275;-65,0980555555555;"T661-STAR TRE-SID TRE DRY- TMA TRE"
"ORAXO";"250347S-0652147W";-25,0630555555556;-65,3630555555555;"STAR SAL-IAC SAL"
"ORBAK";"243754S-0645733W";-24,6316666666667;-64,9591666666667;"IAC JUJ-STAR JUJ"
"ORBAL";"455354S-0705216W";-45,8983333333333;-70,8711111111111;"UZ131-W58-UZ116-Z116"
"ORERA";"405826S-0702651W";-40,9738888888889;-70,4475;"W34-UW34-T654-UT654-SID BAR- STAR BAR-TMA BAR"
"ORIKA";"461259S-0655204W";-46,2163888888889;-65,8677777777778;"UT109-UT700"
"ORODA";"513540S-0690115W";-51,5944444444444;-69,0208333333333;"IAC GAL"
"OROKO";"215200S-0660760W";-21,8666666666667;-66,1333333333333;"SID JUJ-STAR JUJ"
"OROXI";"450821S-0675150W";-45,1391666666667;-67,8638888888889;"STAR CRV-SID CRV"
"ORUDO";"472904S-0675356W";-47,4844444444444;-67,8988888888889;"W49"
"ORUGA";"271103S-0554808W";-27,1841666666667;-55,8022222222222;"N785-B688-TMA POS"
"ORUXO";"271447S-0590521W";-27,2463888888889;-59,0891666666667;"IAC SIS"
"OSARI";"331822S-0660636W";-33,3061111111111;-66,11;"SID UIS"
"OSEBO";"243043S-0650039W";-24,5119444444444;-65,0108333333333;"SID JUJ"
"OSEKO";"382933S-0675350W";-38,4925;-67,8972222222222;"W65-UZ114-UZ127-STAR NEU- TMA NEU"
"OSEXI";"380846S-0573528W";-38,1461111111111;-57,5911111111111;"SID MDP"
"OSIDO";"330133S-0641133W";-33,0258333333333;-64,1925;"IAC TRC"
"OSILI";"283758S-0644603W";-28,6327777777778;-64,7675;"UN525-UW5"
"OSOVI";"383323S-0621301W";-38,5563888888889;-62,2169444444444;"IAC BCA"
"OSUDA";"305458S-0633403W";-30,9161111111111;-63,5675;"UL531-UZ102"
"OTADO";"402417S-0671304W";-40,4047222222222;-67,2177777777778;"UT106-UW41"
"OTAGI";"530437S-0581721W";-53,0769444444445;-58,2891666666667;"UT103"
"PABAL";"423630S-0720618W";-42,6083333333333;-72,105;"L775"
"PABAS";"345918S-0613453W";-34,9883333333333;-61,5813888888889;"UM424-M424"
"PABEN";"304156S-0612923W";-30,6988888888889;-61,4897222222222;"UT652-UL404"
"PABEV";"361934S-0621322W";-36,3261111111111;-62,2227777777778;"T655-W61"
"PABOP";"423843S-0645356W";-42,6452777777778;-64,8988888888889;"SID DRY-SID TRE-IAC DRY"
"PADAS";"321902S-0582145W";-32,3172222222222;-58,3625;"N785-UN785"
"PADIM";"450007S-0641654W";-45,0019444444444;-64,2816666666667;"UT108-UZ117"
"PADIT";"344744S-0623127W";-34,7955555555556;-62,5241666666667;"UW15-UT705"
"PADOG";"331331S-0634426W";-33,2252777777778;-63,7405555555556;"UT700-UW10"
"PAGAD";"362648S-0550011W";-36,4466666666667;-55,0030555555556;"UL211F-UL211"
"PAGAR";"312636S-0635039W";-31,4433333333333;-63,8441666666667;"W5-UW5-IAC CBA"
"PAGID";"502426S-0723024W";-50,4072222222222;-72,5066666666667;"SID ECA"
"PAGON";"335516S-0584314W";-33,9211111111111;-58,7205555555556;"W11-UZ129-STAR AER EZE-TMA BAIRES"
"PAKAL";"422225S-0674726W";-42,3736111111111;-67,7905555555556;"W38-UW38-T105-UT105"
"PALIX";"520400S-0694800W";-52,0666666666667;-69,8;"A570-UP664-TMA GAL"
"PAMAK";"312324S-0651614W";-31,39;-65,2705555555556;"W24-UW24-UZ128-SID CBA- STAR CBA-TMA CBA"
"PAMAL";"314639S-0664243W";-31,7775;-66,7119444444444;"W66-UT653-UZ128"
"PAMEX";"285218S-0563239W";-28,8716666666667;-56,5441666666667;"UT667-UM400"
"PANOT";"270025S-0595741W";-27,0069444444444;-59,9613888888889;"Z118-SID CRS SIS-STAR CRS SIS-TMA SIS"
"PANUM";"431625S-0652954W";-43,2736111111111;-65,4983333333333;"IAC TRE"
"PANUX";"241820S-0650909W";-24,3055555555556;-65,1525;"IAC JUJ"
"PAPAP";"345139S-0581909W";-34,8608333333333;-58,3191666666667;"IAC EZE"
"PAPIR";"330701S-0674508W";-33,1169444444444;-67,7522222222222;"W9-SID DOZ-STAR DOZ-UL405- TMA DOZ"
"PAPIX";"342458S-0580002W";-34,4161111111111;-58,0005555555556;"A314-UN741-SID AER EZE-STAR AER PAL EZE-TMA BAIRES"
"PEDRO";"334204S-0594001W";-33,7011111111111;-59,6669444444444;"W5-W6-UW5"
"PILCO";"222416S-0622505W";-22,4044444444444;-62,4180555555556;"UM784-UN775"
"PONPI";"254522S-0651855W";-25,7561111111111;-65,3152777777778;"W5-UW5-UN525-UT681-SID SAL- STAR TUC-TMA TUC-TMA SAL"
"PONRO";"502111S-0714152W";-50,3530555555556;-71,6977777777778;"STAR ECA-IAC ECA"
"PONVA";"382440S-0655711W";-38,4111111111111;-65,9530555555556;"T669-UT669"
"POPLU";"335104S-0644801W";-33,8511111111111;-64,8002777777778;"UZ114-UL405"
"POPRO";"431725S-0651411W";-43,2902777777778;-65,2363888888889;"STAR TRE"
"PORKA";"292719S-0631957W";-29,4552777777778;-63,3325;"UL550-UM529"
"PORPA";"391027S-0684350W";-39,1741666666667;-68,7305555555556;"W32-STAR NEU-TMA NEU"
"POSMO";"270208S-0650143W";-27,0355555555556;-65,0286111111111;"IAC TUC-STAR TUC"
"POSRA";"345453S-0582949W";-34,9147222222222;-58,4969444444444;"IAC EZE"
"POSTI";"385040S-0591008W";-38,8444444444444;-59,1688888888889;"UW33-UT103"
"POTMA";"405413S-0631758W";-40,9036111111111;-63,2994444444444;"IAC VIE"
"POTRO";"400310S-0644533W";-40,0527777777778;-64,7591666666667;"UT700-UT657-UT110-T657-T661"
"POTSI";"314459S-0681832W";-31,7497222222222;-68,3088888888889;"IAC JUA-STAR JUA"
"POVNA";"295115S-0650224W";-29,8541666666667;-65,04;"UW15 UM543 UM529"
"PUBAX";"424657S-0652203W";-42,7825;-65,3675;"IAC DRY"
"PUBER";"273151S-0643911W";-27,5308333333333;-64,6530555555556;"UM799-UL550-STAR TUC-W70- UT681-SID SDE TUC"
"PUBLO";"434814S-0673713W";-43,8038888888889;-67,6202777777778;"UT110-UT105-STAR CRV-SID CRV -T105"
"PUBTI";"241543S-0651047W";-24,2619444444444;-65,1797222222222;"IAC JUJ"
"PUBUM";"221430S-0640336W";-22,2416666666667;-64,06;"UL417-UZ112"
"PUDBA";"224815S-0652731W";-22,8041666666667;-65,4586111111111;"UN525"
"PUGEK";"273629S-0641300W";-27,6080555555556;-64,2166666666667;"IAC SDE"
"PUGLI";"402924S-0603308W";-40,49;-60,5522222222222;"UT662"
"PUKIB";"411441S-0705317W";-41,2447222222222;-70,8880555555556;"IAC BAR"
"PUKIK";"273758S-0584038W";-27,6327777777778;-58,6772222222222;"STAR CRS IAC CRS"
"PUKOX";"534555S-0671849W";-53,7652777777778;-67,3136111111111;"IAC GRA"
"PULAS";"375815S-0612906W";-37,9708333333333;-61,485;"W22-UW22-SID BCA-TMA BCA"
"PULEN";"291448S-0573654W";-29,2466666666667;-57,615;"UM400-UT682-UP526"
"PULGA";"335754S-0612348W";-33,965;-61,3966666666667;"UT670"
"PULIG";"385657S-0680203W";-38,9491666666667;-68,0341666666667;"IAC NEU"
"PULKA";"392858S-0644037W";-39,4827777777778;-64,6769444444444;"W34-T661"
"PULNA";"401714S-0610039W";-40,2872222222222;-61,0108333333333;"UZ117"
"PULOV";"302145S-0624059W";-30,3625;-62,6830555555556;"UL531-UL550"
"PULPA";"365943S-0574051W";-36,9952777777778;-57,6808333333333;"W31-UW31-W60-SID MDP-TMA MDP"
"PULRA";"274241S-0591006W";-27,7113888888889;-59,1683333333333;"IAC SIS STAR CRS SIS"
"PULUX";"271910S-0585229W";-27,3194444444444;-58,8747222222222;"IAC SIS STAR CRS SIS"
"PUMTO";"375929S-0571415W";-37,9913888888889;-57,2375;"IAC MDP"
"PUMUG";"430408S-0650501W";-43,0688888888889;-65,0836111111111;"IAC TRE"
"PUMVO";"382835S-0621448W";-38,4763888888889;-62,2466666666667;"IAC BCA"
"PUNBU";"254138S-0544435W";-25,6938888888889;-54,7430555555556;"IAC IGU-STAR IGU"
"PUNGI";"510112S-0705703W";-51,02;-70,9508333333333;"SID ECA"
"PUNGU";"292626S-0641555W";-29,4405555555556;-64,2652777777778;"UW6 UZ112 UM529"
"PUNOL";"410822S-0702452W";-41,1394444444444;-70,4144444444445;"W33-UW33-SID BAR-STAR BAR- TMA BAR"
"PUNOX";"375357S-0575141W";-37,8991666666667;-57,8613888888889;"IAC MDP-STAR MDP"
"PUPAT";"310804S-0640651W";-31,1344444444444;-64,1141666666667;"IAC CBA"
"PUPSI";"271557S-0621751W";-27,2658333333333;-62,2975;"UL417"
"QUEZA";"324958S-0684734W";-32,8327777777778;-68,7927777777778;"SID DOZ"
"QUILI";"251729S-0622514W";-25,2913888888889;-62,4205555555556;"UL404-UM799"
"RAFRO";"284608S-0654737W";-28,7688888888889;-65,7936111111111;"IAC CAT"
"RAXEM";"430830S-0654749W";-43,1416666666667;-65,7969444444444;"SID TRE"
"RAXIV";"362550S-0640753W";-36,4305555555556;-64,1313888888889;"IAC OSA"
"RAXOB";"311322S-0641235W";-31,2227777777778;-64,2097222222222;"IAC CBA"
"RAXOS";"610002S-0571345W";-61,0005555555556;-57,2291666666667;"UT103"
"RAXUR";"334335S-0630106W";-33,7263888888889;-63,0183333333333;"UT670-UT684"
"REDET";"534207S-0680303W";-53,7019444444445;-68,0508333333333;"IAC GRA"
"REGEG";"245438S-0653351W";-24,9105555555556;-65,5641666666667;"IAC SAL"
"REGUD";"330316S-0605623W";-33,0544444444444;-60,9397222222222;"IAC ROS STAR ROS"
"REKUL";"365500S-0540000W";-36,9166666666667;-54;"UL211F"
"RENEN";"545214S-0680126W";-54,8705555555556;-68,0238888888889;"IAC USU"
"RENUK";"311138S-0640341W";-31,1938888888889;-64,0613888888889;"IAC CBA"
"REPAM";"272545S-0573330W";-27,4291666666667;-57,5583333333333;"P526-B687-UP779-UZ103-UP526"
"REPEV";"311105S-0691848W";-31,1847222222222;-69,3133333333333;"UL416-UM799"
"REPUM";"310149S-0621151W";-31,0302777777778;-62,1975;"UT652-UL550"
"RIOKA";"303546S-0581837W";-30,5961111111111;-58,3102777777778;"UZ103"
"RIQUE";"313026S-0633954W";-31,5072222222222;-63,665;"IAC CBA STAR CBA"
"RIXUD";"244729S-0651355W";-24,7913888888889;-65,2319444444445;"IAC SAL"
"ROCAR";"254557S-0542418W";-25,7658333333333;-54,405;"IAC IGU"
"RODOV";"305004S-0574817W";-30,8344444444444;-57,8047222222222;"UM418"
"ROGAS";"381340S-0580511W";-38,2277777777778;-58,0863888888889;"W33-SID MDP-STAR MDP-TMA MDP"
"ROGEL";"464438S-0713726W";-46,7438888888889;-71,6238888888889;"G550-UL670"
"ROGIP";"430333S-0660409W";-43,0591666666667;-66,0691666666667;"SID DRY"
"ROGOD";"323147S-0682119W";-32,5297222222222;-68,3552777777778;"UZ108-UZ105"
"ROGUB";"332820S-0662837W";-33,4722222222222;-66,4769444444444;"IAC UIS-STAR UIS"
"ROKAB";"431144S-0653219W";-43,1955555555556;-65,5386111111111;"STAR TRE-IAC TRE"
"ROKAT";"270702S-0650929W";-27,1172222222222;-65,1580555555556;"IAC TUC-STAR TUC"
"ROKER";"315311S-0613337W";-31,8863888888889;-61,5602777777778;"UL550-STAR ROS"
"ROLIM";"283528S-0675715W";-28,5911111111111;-67,9541666666667;"UL322-UT691"
"ROLOX";"512102S-0685600W";-51,3505555555556;-68,9333333333333;"STAR GAL"
"ROMAX";"445916S-0664156W";-44,9877777777778;-66,6988888888889;"W18-UP664"
"ROMIV";"544005S-0683638W";-54,6680555555556;-68,6105555555555;"UL670-G550-SID USU"
"ROMIX";"285237S-0660015W";-28,8769444444444;-66,0041666666667;"STAR CAT"
"ROMUR";"303406S-0614012W";-30,5683333333333;-61,67;"UM400-UT672"
"ROPIS";"364430S-0565730W";-36,7416666666667;-56,9583333333333;"A310-UM792-SID MDP-STAR MDP-TMA MDP"
"ROPON";"385625S-0673043W";-38,9402777777778;-67,5119444444444;"W32-UW32-UT669-T669-SID NEU- STAR NEU-TMA NEU"
"ROREX";"324345S-0683739W";-32,7291666666667;-68,6275;"SID DOZ"
"SAKSA";"385716S-0684744W";-38,9544444444444;-68,7955555555556;"B556-STAR NEU-TMA NEU"
"SALBO";"323045S-0674612W";-32,5125;-67,77;"A307-UL531-SID DOZ-STAR DOZ- TMA DOZ"
"SALVU";"481605S-0640205W";-48,2680555555556;-64,0347222222222;"UW50-UT662"
"SAMTU";"385658S-0675538W";-38,9494444444444;-67,9272222222222;"IAC NEU"
"SANBU";"393019S-0623958W";-39,5052777777778;-62,6661111111111;"UT693-UW18-W18-T693-SID BCA- STAR BCA-TMA BCA"
"SARLI";"500101S-0713624W";-50,0169444444444;-71,6066666666667;"STAR ECA"
"SARNA";"290625S-0605933W";-29,1069444444444;-60,9925;"A307-UL531"
"SASTA";"524230S-0674547W";-52,7083333333333;-67,7630555555556;"W45-UW45"
"SATRA";"344417S-0674852W";-34,7380555555556;-67,8144444444444;"W68-SID SRA-TMA SRA"
"SEBDA";"273514S-0605714W";-27,5872222222222;-60,9538888888889;"UM529 UN775"
"SEBNI";"463138S-0705619W";-46,5272222222222;-70,9386111111111;"Z123- Z116"
"SEDIA";"254638S-0542241W";-25,7772222222222;-54,3780555555556;"IAC IGU"
"SEMGA";"410607S-0675633W";-41,1019444444444;-67,9425;"W33-UW33-T105-UT105"
"SEMLI";"314001S-0682502W";-31,6669444444444;-68,4172222222222;"IAC JUA"
"SIBOL";"302927S-0644043W";-30,4908333333333;-64,6786111111111;"W15-UW15-UM543-SID CBA-STAR CBA-TMA CBA-Z121"
"SIBOX";"301332S-0675652W";-30,2255555555556;-67,9477777777778;"UM799"
"SIBUD";"430339S-0653812W";-43,0608333333333;-65,6366666666667;"SID DRY"
"SIGAT";"312428S-0641224W";-31,4077777777778;-64,2066666666667;"IAC CBA"
"SIGEM";"365626S-0691014W";-36,9405555555556;-69,1705555555556;"UZ107-Z107-UT685"
"SIGUL";"381846S-0593921W";-38,3127777777778;-59,6558333333333;"UT662-UW32"
"SIGUR";"264556S-0650525W";-26,7655555555556;-65,0902777777778;"IAC TUC"
"SIKAR";"360737S-0604606W";-36,1269444444444;-60,7683333333333;"T654-UT654-UW15-W61-UZ113"
"SIKAV";"495433S-0713121W";-49,9091666666667;-71,5225;"STAR ECA"
"SIKED";"343642S-0581918W";-34,6116666666667;-58,3216666666667;"IAC AER"
"SIKOB";"301027S-0602433W";-30,1741666666667;-60,4091666666667;"UM400-UT652"
"SIKUT";"425516S-0654417W";-42,9211111111111;-65,7380555555556;"STAR TRE"
"SILAN";"425015S-0662350W";-42,8375;-66,3972222222222;"W38-STAR TRE-SID TRE DRY- TMA TRE"
"SILAV";"311514S-0640745W";-31,2538888888889;-64,1291666666667;"IAC CBA"
"SILOP";"353838S-0660510W";-35,6438888888889;-66,0861111111111;"UM783-UZ114"
"SILUS";"403532S-0622701W";-40,5922222222222;-62,4502777777778;"W33-SID VIE-TMA VIE"
"SIMES";"320306S-0633352W";-32,0516666666667;-63,5644444444444;"W15-W65-UW15-UT700-UZ114- UZ113-SID CBA-STAR CBA-TMA CBA"
"SIMOR";"272719S-0571215W";-27,4552777777778;-57,2041666666667;"UM402"
"SIMOT";"394835S-0680437W";-39,8097222222222;-68,0769444444444;"T654-UT654-T105-UT105"
"SINAL";"344622S-0643846W";-34,7727777777778;-64,6461111111111;"M424-UM424-UT688"
"SINIV";"330352S-0604917W";-33,0644444444444;-60,8213888888889;"IAC ROS"
"SINUT";"305634S-0605038W";-30,9427777777778;-60,8438888888889;"UL417"
"SIPOB";"450001S-0653634W";-45,0002777777778;-65,6094444444444;"UT700-T693"
"SIPOM";"330443S-0664926W";-33,0786111111111;-66,8238888888889;"UT670-UT652"
"SIPUG";"393657S-0704343W";-39,6158333333333;-70,7286111111111;"W44"
"SIPUR";"513051S-0685903W";-51,5141666666667;-68,9841666666667;"IAC GAL-STAR GAL"
"SIRAN";"380251S-0581135W";-38,0475;-58,1930555555556;"W32-SID MDP-STAR MDP-TMA MDP"
"SIREK";"323613S-0683919W";-32,6036111111111;-68,6552777777778;"IAC DOZ-STAR DOZ"
"SIRUR";"380127S-0572345W";-38,0241666666667;-57,3958333333333;"IAC MDP"
"SISAP";"284809S-0634721W";-28,8025;-63,7891666666667;"UL550-W70"
"SISEV";"242143S-0652026W";-24,3619444444444;-65,3405555555556;"STAR JUJ-IAC JUJ"
"SOLER";"320616S-0663044W";-32,1044444444444;-66,5122222222222;"A307-W19-UL531-UZ105"
"SORSI";"362745S-0582515W";-36,4625;-58,4208333333333;"W27-TMA DIL"
"SORTI";"274305S-0652534W";-27,7180555555556;-65,4261111111111;"W3-UW3-UZ108-SID CAT TUC- STAR CAT TUC-TMA CAT-TMA TUC"
"SOSKU";"371459S-0692607W";-37,2497222222222;-69,4352777777778;"Z122-UZ122 UT685"
"SOSNI";"263537S-0584032W";-26,5936111111111;-58,6755555555556;"STAR CRS SIS"
"SOTLA";"353806S-0662158W";-35,635;-66,3661111111111;"W65-B684-STAR MLG"
"SOTSA";"292508S-0580440W";-29,4188888888889;-58,0777777777778;"UM400-UZ103-UZ120"
"SOVLI";"271643S-0610254W";-27,2786111111111;-61,0483333333333;"UN775-UZ120"
"SUCUA";"325530S-0683522W";-32,925;-68,5894444444444;"IAC DOZ-SID DOZ"
"SUGRA";"321234S-0581124W";-32,2094444444445;-58,19;"UM534"
"SUKPA";"295636S-0642934W";-29,9433333333333;-64,4927777777778;"W5-Z102-UN525-UW5-UZ102"
"SULBO";"273535S-0592453W";-27,5930555555556;-59,4147222222222;"IAC SIS STAR SIS CRS"
"SULSO";"312233S-0675611W";-31,3758333333333;-67,9363888888889;"UM529-UZ108"
"SULSU";"504640S-0715027W";-50,7777777777778;-71,8408333333333;"B432-N674-SID ECA-STAR ECA- TMA ECA"
"SULVU";"244134S-0645546W";-24,6927777777778;-64,9294444444444;"STAR JUJ-IAC JUJ"
"SUMTO";"513247S-0693933W";-51,5463888888889;-69,6591666666667;"IAC GAL-STAR GAL"
"SUNKO";"514130S-0680504W";-51,6916666666667;-68,0844444444444;"W54-UW54"
"SUPKU";"431141S-0645345W";-43,1947222222222;-64,8958333333333;"STAR TRE"
"SURBO";"342658S-0575738W";-34,4494444444444;-57,9605555555556;"TMA BAIRES (CORREDOR SURBO)-SID AER-STAR AER"
"SURLI";"344531S-0583304W";-34,7586111111111;-58,5511111111111;"IAC EZE"
"SUSDA";"425842S-0613349W";-42,9783333333333;-61,5636111111111;"UT662"
"TAGUA";"251747S-0643608W";-25,2963888888889;-64,6022222222222;"T672-TMA SAL"
"TEDAR";"352658S-0574302W";-35,4494444444444;-57,7172222222222;"W59-SID AER EZE-TMA BAIRES"
"TEGAV";"251315S-0643328W";-25,2208333333333;-64,5577777777778;"W4-Z118-Z132-STAR SAL-TMA SAL"
"TEGOP";"410418S-0712306W";-41,0716666666667;-71,385;"IAC BAR"
"TENIL";"353228S-0575002W";-35,5411111111111;-57,8338888888889;"W31-UW31-STAR AER EZE-TMA BAIRES"
"TENOV";"375904S-0572827W";-37,9844444444444;-57,4741666666667;"IAC MDP"
"TEPES";"425527S-0651453W";-42,9241666666667;-65,2480555555556;"IAC DRY"
"TERON";"323008S-0661603W";-32,5022222222222;-66,2675;"UL531"
"TESEX";"385552S-0712601W";-38,9311111111111;-71,4336111111111;"B556-UL653"
"TESIT";"323928S-0635821W";-32,6577777777778;-63,9725;"W65-UZ114"
"TIGDI";"283558S-0570202W";-28,5994444444444;-57,0338888888889;"UM402-UT682"
"TIKLA";"282900S-0611300W";-28,4833333333333;-61,2166666666667;"UM529"
"TIMDO";"383443S-0662616W";-38,5786111111111;-66,4377777777778;"UT669"
"TIMKO";"271017S-0584310W";-27,1713888888889;-58,7194444444444;"IAC CRS STAR CRS SIS"
"TIMKU";"362011S-0634441W";-36,3363888888889;-63,7447222222222;"W73-SID OSA-TMA OSA"
"TIMVA";"340052S-0621746W";-34,0144444444444;-62,2961111111111;"UT684"
"TINLU";"282858S-0654329W";-28,4827777777778;-65,7247222222222;"IAC CAT SID CAT"
"TINTA";"325616S-0601112W";-32,9377777777778;-60,1866666666667;"G680-SID ROS-STAR ROS-TMA ROS"
"TIPLO";"322026S-0615436W";-32,3405555555556;-61,91;"W5-UW5-UZ102"
"TIRDU";"275524S-0642412W";-27,9233333333333;-64,4033333333333;"IAC SDE"
"TIRGA";"514425S-0670133W";-51,7402777777778;-67,0258333333333;"UW54-UT700"
"TIRVI";"312503S-0640636W";-31,4175;-64,11;"IAC CBA"
"TISLA";"430442S-0660425W";-43,0783333333333;-66,0736111111111;"SID DRY"
"TITMA";"255021S-0542658W";-25,8391666666667;-54,4494444444444;"SID IGU"
"TOBTO";"545033S-0681125W";-54,8425;-68,1902777777778;"IAC USU"
"TODAR";"325549S-0684740W";-32,9302777777778;-68,7944444444444;"IAC DOZ"
"TODEP";"271656S-0585904W";-27,2822222222222;-58,9844444444444;"IAC SIS"
"TODES";"302945S-0584914W";-30,4958333333333;-58,8205555555556;"A428-Z110-UL793-UT682"
"TODLO";"501720S-0721202W";-50,2888888888889;-72,2005555555556;"IAC ECA"
"TOGNO";"430052S-0624348W";-43,0144444444444;-62,73;"UZ117"
"TOGOR";"533424S-0683638W";-53,5733333333333;-68,6105555555555;"B561"
"TOGUR";"425715S-0655219W";-42,9541666666667;-65,8719444444444;"SID DRY"
"TOKUS";"290001S-0653919W";-29,0002777777778;-65,6552777777778;"STAR CAT"
"TOLEM";"303117S-0613103W";-30,5213888888889;-61,5175;"UL404-UM400"
"TOLUK";"323905S-0611734W";-32,6513888888889;-61,2927777777778;"W5-SID ROS-TMA ROS"
"TOMIV";"413136S-0675333W";-41,5266666666667;-67,8925;"T657 T105 UT657 UT105"
"TONAR";"411430S-0715100W";-41,2416666666667;-71,85;"B682-UM658-SID BAR-STAR BAR- TMA BAR"
"TOPAG";"471230S-0701730W";-47,2083333333333;-70,2916666666667;"UT100-UT658"
"TOPIL";"384805S-0645638W";-38,8013888888889;-64,9438888888889;"UW41"
"TOPOG";"282920S-0614934W";-28,4888888888889;-61,8261111111111;"UL417-UL404"
"TORAP";"364642S-0641301W";-36,7783333333333;-64,2169444444445;"IAC OSA"
"TORES";"414324S-0710940W";-41,7233333333333;-71,1611111111111;"W44-UW44-UZ108-SID BAR- STAR BAR-TMA ESQ-TMA BAR"
"TORUK";"501149S-0722037W";-50,1969444444444;-72,3436111111111;"IAC ECA-STAR ECA"
"TORUL";"352142S-0592624W";-35,3616666666667;-59,44;"T654-UT654-SID AER EZE-TMA BAIRES"
"TOSOR";"335443S-0643021W";-33,9119444444444;-64,5058333333333;"W9--UL405-UT687-TMA VME"
"TREJO";"304633S-0632017W";-30,7758333333333;-63,3380555555556;"A307-UL531-SID CBA-STAR CBA- TMA CBA"
"TRINI";"343346S-0584726W";-34,5627777777778;-58,7905555555556;"IAC FDO STAR AER"
"UBLID";"274242S-0641640W";-27,7116666666667;-64,2777777777778;"SID SDE"
"UBLUM";"383447S-0621908W";-38,5797222222222;-62,3188888888889;"IAC BCA-STAR BCA"
"UBRIX";"254458S-0625203W";-25,7494444444444;-62,8675;"UM799-UL417"
"UBSAS";"214825S-0661414W";-21,8069444444444;-66,2372222222222;"UM776"
"UBSOX";"301233S-0654306W";-30,2091666666667;-65,7183333333333;"UW16"
"UBSUT";"264530S-0593310W";-26,7583333333333;-59,5527777777778;"UM529 UM784"
"UDENA";"432659S-0634703W";-43,4497222222222;-63,7841666666667;"UT108"
"UDENO";"260729S-0545614W";-26,1247222222222;-54,9372222222222;"B688-N785-SID IGU-STAR IGU-TMA FOZ"
"UDEPI";"632329S-0575013W";-63,3913888888889;-57,8369444444444;"W56-UW56-Z133-UZ133- TMA MBI"
"UDEXA";"323240S-0645801W";-32,5444444444444;-64,9669444444445;"W19"
"UDITA";"332139S-0605927W";-33,3608333333333;-60,9908333333333;"W24-UW24"
"UDOPU";"383352S-0620138W";-38,5644444444444;-62,0272222222222;"IAC BCA-STAR BCA"
"UDUDA";"273704S-0590741W";-27,6177777777778;-59,1280555555556;"IAC SIS-SID SIS-SID CRS"
"UDULI";"424557S-0644011W";-42,7658333333333;-64,6697222222222;"STAR TRE"
"UDUPA";"334704S-0623818W";-33,7844444444444;-62,6383333333333;"UT670-UZ113"
"UGAGI";"383908S-0684011W";-38,6522222222222;-68,6697222222222;"R683-STAR NEU-UZ107-Z107-TMA NEU"
"UGAKO";"270434S-0553139W";-27,0761111111111;-55,5275;"B687-TMA POS"
"UGALA";"323545S-0595602W";-32,5958333333333;-59,9338888888889;"W8-UW8-TMA PAR"
"UGASI";"273944S-0582613W";-27,6622222222222;-58,4369444444444;"IAC CRS STAR CRS SIS"
"UGERA";"372440S-0591454W";-37,4111111111111;-59,2483333333333;"IAC DIL"
"UGIBO";"273256S-0590554W";-27,5488888888889;-59,0983333333333;"IAC SIS"
"UGIMI";"345858S-0565302W";-34,9827777777778;-56,8838888888889;"A306-UL405-STAR AER EZE-TMA BAIRES"
"UGIRA";"543000S-0681904W";-54,5;-68,3177777777778;"W63-UW63-SID USU-TMA USU-TMA GRA"
"UGONO";"385058S-0622735W";-38,8494444444444;-62,4597222222222;"IAC BCA"
"UGOXU";"501617S-0715422W";-50,2713888888889;-71,9061111111111;"STAR ECA"
"UGRIN";"265610S-0650723W";-26,9361111111111;-65,1230555555556;"IAC TUC"
"UGRIS";"494707S-0715503W";-49,7852777777778;-71,9175;"UT659-T659 -UT110-STAR ECA-SID ECA-TMA ECA"
"UGSIN";"544947S-0675734W";-54,8297222222222;-67,9594444444444;"IAC USU"
"UGUGI";"322900S-0610623W";-32,4833333333333;-61,1063888888889;"STAR ROS"
"UGVAX";"215745S-0633907W";-21,9625;-63,6519444444444;"N650"
"UKABI";"390444S-0675729W";-39,0788888888889;-67,9580555555556;"IAC NEU"
"UKEKA";"424232S-0714435W";-42,7088888888889;-71,7430555555556;"L775-TMA ESQ"
"UKESO";"312054S-0685701W";-31,3483333333333;-68,9502777777778;"B560-SID JUA-STAR JUA-TMA JUA"
"UKEXI";"245430S-0652451W";-24,9083333333333;-65,4141666666667;"SID SAL"
"UKLIK";"323809S-0682957W";-32,6358333333333;-68,4991666666667;"IAC DOZ-STAR DOZ"
"UKLOV";"501747S-0721948W";-50,2963888888889;-72,33;"IAC ECA"
"UKLUS";"255203S-0543627W";-25,8675;-54,6075;"SID IGU"
"UMKAD";"301429S-0654022W";-30,2413888888889;-65,6727777777778;"W16"
"UMKAL";"325300S-0700000W";-32,8833333333333;-70;"L405-UL405-UZ105-UT687-TMA DOZ-SID DOZ"
"UMKEV";"290444S-0633548W";-29,0788888888889;-63,5966666666667;"UL550 UM529"
"UMLOP";"513516S-0685315W";-51,5877777777778;-68,8875;"STAR GAL-IAC GAL"
"UMPOX";"293555S-0643329W";-29,5986111111111;-64,5580555555556;"UW5 UN525 UM529"
"UMSAR";"310819S-0611321W";-31,1386111111111;-61,2225;"UM418"
"UMTAB";"362452S-0641358W";-36,4144444444444;-64,2327777777778;"IAC OSA"
"UPOMA";"345139S-0581252W";-34,8608333333333;-58,2144444444444;"IAC EZE"
"URASI";"311803S-0580000W";-31,3008333333333;-58;"N785"
"URETI";"322633S-0592743W";-32,4425;-59,4619444444444;"UN775"
"UREVI";"243133S-0640409W";-24,5258333333333;-64,0691666666667;"UM789-UZ112"
"URINO";"344159S-0593827W";-34,6997222222222;-59,6408333333333;"UL405-W9-SID AER EZE-TMA BAIRES"
"URISI";"361957S-0641245W";-36,3325;-64,2125;"IAC OSA"
"UROLI";"283811S-0582822W";-28,6363888888889;-58,4727777777778;"W14-UW14-Z120-UZ120"
"USEPA";"292233S-0601341W";-29,3758333333333;-60,2280555555556;"W14-TMA RCQ"
"USESA";"402232S-0625242W";-40,3755555555556;-62,8783333333333;"W18-SID VIE-TMA VIE"
"USILO";"431741S-0650515W";-43,2947222222222;-65,0875;"SID TRE"
"USIXU";"244452S-0652745W";-24,7477777777778;-65,4625;"SID SAL"
"USOTU";"454554S-0671843W";-45,765;-67,3119444444444;"IAC CRV"
"USTOT";"221111S-0660420W";-22,1863888888889;-66,0722222222222;"UM776"
"USTOX";"445705S-0682845W";-44,9513888888889;-68,4791666666667;"UT100-UW50"
"USVER";"353407S-0680138W";-35,5686111111111;-68,0272222222222;"UM783-UT685"
"USVET";"331527S-0671533W";-33,2575;-67,2591666666667;"UL405-UT652"
"UTBED";"305749S-0671200W";-30,9636111111111;-67,2;"UM529 LIMITE FIR DOZ CBA"
"UTLEP";"425350S-0652415W";-42,8972222222222;-65,4041666666667;"IAC DRY"
"UTLIX";"312403S-0683203W";-31,4008333333333;-68,5341666666667;"IAC JUA STAR JUA"
"UTMIK";"383813S-0615831W";-38,6369444444444;-61,9752777777778;"IAC BCA"
"UTNOS";"525017S-0665410W";-52,8380555555556;-66,9027777777778;"T662-UT662"
"UTNUM";"324424S-0603849W";-32,74;-60,6469444444444;"IAC ROS SID ROS STAR ROS"
"UTRAX";"315310S-0632153W";-31,8861111111111;-63,3647222222222;"W24-UW24-SID CBA-TMA CBA"
"UTRET";"352811S-0644549W";-35,4697222222222;-64,7636111111111;"W68"
"UTRUN";"491302S-0682812W";-49,2172222222222;-68,47;"UP664"
"VADEK";"250204S-0653131W";-25,0344444444444;-65,5252777777778;"IAC SAL"
"VADON";"325530S-0672340W";-32,925;-67,3944444444444;"W64"
"VADUN";"261349S-0640434W";-26,2302777777778;-64,0761111111111;"UT672-UZ112"
"VAKAP";"394649S-0644310W";-39,7802777777778;-64,7194444444444;"UT700"
"VAKUX";"323352S-0654537W";-32,5644444444444;-65,7602777777778;"UW57-UT685"
"VALOS";"352728S-0592102W";-35,4577777777778;-59,3505555555556;"W22-UW 22-STAR AER EZE-TMA BAIRES"
"VANAR";"341928S-0584544W";-34,3244444444444;-58,7622222222222;"IAC AER FDO PAL-STAR AER EZE"
"VAPES";"314039S-0613315W";-31,6775;-61,5541666666667;"W6-UW6-UZ111-TMA PAR"
"VAROR";"324415S-0684729W";-32,7375;-68,7913888888889;"IAC DOZ"
"VARUL";"404321S-0631358W";-40,7225;-63,2327777777778;"IAC VIE"
"VASAL";"332015S-0602854W";-33,3375;-60,4816666666667;"W20-SID ROS-TMA ROS"
"VERAS";"343537S-0581027W";-34,5936111111111;-58,1741666666667;"IAC AER-STAR AER"
"VINOS";"244633S-0615523W";-24,7758333333333;-61,9230555555555;"UM799-UM789-M789"
"VOTRA";"370350S-0580146W";-37,0638888888889;-58,0294444444444;"W29-UW29-STAR MDP-TMA MDP"
"VUBLI";"383945S-0614656W";-38,6625;-61,7822222222222;"IAC BCA"
"VUDUB";"410328S-0712530W";-41,0577777777778;-71,425;"IAC BAR"
"VUGDU";"362842S-0695035W";-36,4783333333333;-69,8430555555556;"Z122-UZ122 W44 UW44 UZ108"
"VUGLA";"253526S-0530253W";-25,5905555555556;-53,0480555555556;"STAR IGU"
"VUGMA";"331208S-0660945W";-33,2022222222222;-66,1625;"UT670-UT685"
"VUKEL";"411346S-0705554W";-41,2294444444444;-70,9316666666667;"IAC BAR"
"VUKNA";"450639S-0681629W";-45,1108333333333;-68,2747222222222;"W50-UW50-STAR CRV-SID CRV- TMA CRV"
"VUKSO";"322538S-0605803W";-32,4272222222222;-60,9675;"T672-SID ROS-STAR ROS-TMA ROS-TMA PAR"
"VULAR";"513713S-0693314W";-51,6202777777778;-69,5538888888889;"IAC GAL"
"VULDA";"343634S-0681140W";-34,6094444444444;-68,1944444444444;"IAC SRA"
"VULEB";"431036S-0650857W";-43,1766666666667;-65,1491666666667;"IAC TRE"
"VULEK";"285858S-0625321W";-28,9827777777778;-62,8891666666667;"UT680-W8"
"VULIG";"310817S-0635955W";-31,1380555555556;-63,9986111111111;"IAC CBA"
"VULRA";"460851S-0675206W";-46,1475;-67,8683333333333;"SID CRV"
"VUMER";"273709S-0640726W";-27,6191666666667;-64,1238888888889;"IAC SDE"
"VUMGO";"281735S-0583823W";-28,2930555555556;-58,6397222222222;"Z120-TMA SIS"
"VUMKI";"330938S-0610040W";-33,1605555555556;-61,0111111111111;"W72-SID ROS-STAR ROS-TMA ROS"
"VUMPO";"432623S-0651437W";-43,4397222222222;-65,2436111111111;"STAR TRE"
"VUMUD";"350423S-0640140W";-35,0730555555556;-64,0277777777778;"UT700-UT688"
"VUNIL";"455003S-0670658W";-45,8341666666667;-67,1161111111111;"STAR CRV-IAC CRV"
"VUNSI";"384030S-0620341W";-38,675;-62,0613888888889;"IAC BCA"
"VUNSO";"415155S-0661257W";-41,8652777777778;-66,2158333333333;"UT110-UT106"
"VUNUD";"274425S-0643027W";-27,7402777777778;-64,5075;"SID SDE"
"VUNUK";"534654S-0675418W";-53,7816666666667;-67,905;"IAC GRA"
"VUPAN";"344805S-0583906W";-34,8013888888889;-58,6516666666667;"IAC EZE"
"VUPNI";"450122S-0622740W";-45,0227777777778;-62,4611111111111;"UT662"
"VUPRO";"281645S-0641809W";-28,2791666666667;-64,3025;"W6-SID SDE-TMA SDE"
"VURAK";"320240S-0652753W";-32,0444444444444;-65,4647222222222;"UT653-UT685"
"VURGI";"580001S-0574121W";-58,0002777777778;-57,6891666666667;"UT103"
"VUROT";"314629S-0634820W";-31,7747222222222;-63,8055555555556;"UW15-UT652-UZ113"
"VURPI";"432106S-0652729W";-43,3516666666667;-65,4580555555556;"STAR TRE-IAC TRE"
"VURSI";"325018S-0682456W";-32,8383333333333;-68,4155555555556;"SID DOZ"
"VURTA";"331824S-0643814W";-33,3066666666667;-64,6372222222222;"W65-IAC TRC-TMA TRC-TMA RYD"
"VUSAB";"270001S-0651526W";-27,0002777777778;-65,2572222222222;"IAC TUC-STAR TUC"
"VUSAP";"362226S-0611240W";-36,3738888888889;-61,2111111111111;"UT654-UT688"
"VUSDI";"302259S-0610421W";-30,3830555555556;-61,0725;"UL417-UM400"
"VUSDO";"501606S-0715119W";-50,2683333333333;-71,8552777777778;"IAC ECA"
"VUSPO";"324334S-0604440W";-32,7261111111111;-60,7444444444444;"IAC ROS"
"VUTRO";"404920S-0631322W";-40,8222222222222;-63,2227777777778;"IAC VIE"
"VUVLA";"425008S-0650622W";-42,8355555555556;-65,1061111111111;"SID TRE"
"VUVPU";"430759S-0670725W";-43,1330555555556;-67,1236111111111;"UT110-UW40"
"XIXOS";"360755S-0640022W";-36,1319444444444;-64,0061111111111;"W62 SID OSA-TMA OSA-TMA GPI"
"XODIK";"380919S-0602515W";-38,1552777777778;-60,4208333333333;"UW18-UT694"
"XOGIV";"325955S-0684810W";-32,9986111111111;-68,8027777777778;"SID DOZ-STAR DOZ"
"XOLUD";"460313S-0683717W";-46,0536111111111;-68,6213888888889;"TMA CRV -Z123"
"XONEN";"311219S-0640145W";-31,2052777777778;-64,0291666666667;"IAC CBA"
"XONOM";"310024S-0675955W";-31,0066666666667;-67,9986111111111;"STAR JUA"
"XOPIS";"334518S-0613309W";-33,755;-61,5525;"W72-W10-UW10-UT705"
"ZARZA";"362946S-0641510W";-36,4961111111111;-64,2527777777778;"IAC OSA"
